customer_id,first_name,last_name,email,phone_number,address,city,state,zip_code,signup_date,plan_id
1,James,Smith,nolansara@johnson.com,001-983-557-5149x5995,"959 Cruz Fords Suite 300, Sarahview, MA 91454",Sonyaberg,Tennessee,99806,2024-02-15,14
2,Jennifer,Castro,lwalton@flores.com,6595646991,"98115 David Views, West Lisahaven, WA 12585",Maxwellberg,Louisiana,93486,2023-02-28,5
3,Matthew,Johnson,delacruzmark@li.info,(707)533-6025,"38770 Simpson Island, Brentville, AR 73838",North Ashley,Massachusetts,43512,2023-01-23,7
4,Christopher,Brown,uraymond@gmail.com,(582)287-3816x51300,"52688 Hughes Green, Port James, OR 16214",Melissachester,Nebraska,64235,2023-10-31,2
5,Brian,Delacruz,davisdeborah@waters.net,3994023194,"69643 Ashley Landing, Evanmouth, OH 18471",West Vernon,South Carolina,65984,2022-06-19,7
6,Carl,Brown,danielmccann@yahoo.com,(831)920-5986x1577,"50709 Matthew Harbor Apt. 143, New Sara, SD 64046",Jeremiahside,Minnesota,58478,2022-04-20,14
7,Kara,Simpson,brentlee@yahoo.com,001-562-746-3690x9291,"86558 Steele Green Suite 934, South Ashleyview, DE 83526",Andrealand,Utah,49819,2022-08-02,11
8,Ronald,Lewis,justinhorne@yahoo.com,001-053-059-1265x906,"2374 Craig Mission Suite 609, Wheelerport, GA 28568",South Geoffreyshire,Nebraska,24624,2022-10-16,5
9,Ryan,Johnson,qrowe@yahoo.com,653.799.2475,"792 Harold Lights Suite 911, Russellfurt, GA 00927",Cherylport,Nebraska,80739,2023-07-20,14
10,Todd,Snyder,geraldhall@goodman.com,071.026.7691,"71645 Brennan Trafficway Suite 227, New Angela, OH 94355",South Jasonport,Tennessee,08525,2022-04-07,12
11,Laura,Sharp,williamriley@hotmail.com,592.935.2118x7550,"3970 Thompson Point, Markland, AK 40904",South Jacobmouth,Ohio,44987,2022-10-09,2
12,Jonathan,Valentine,johnsonluis@gmail.com,+1-132-373-7872x27642,"499 Robert Summit, Laurenville, AZ 97080",Haleychester,Arkansas,08139,2024-04-28,9
13,Kimberly,Whitaker,christinewallace@vasquez-davis.com,001-186-313-2190x896,"94193 Larry Corner Suite 152, East Paulaview, TN 24857",Ericside,Nevada,55919,2022-03-01,11
14,Christopher,Hernandez,shawtrevor@hotmail.com,9988073695,"6091 Clark Knoll Suite 655, Port Jonathan, KS 37085",Port Michaelland,Michigan,85874,2022-03-08,4
15,Mikayla,Jimenez,linda32@hotmail.com,198.887.9626x009,"11391 Victoria Inlet, Juliaburgh, WA 65631",Murraystad,Kansas,04239,2022-09-24,2
16,Aaron,Mcdaniel,jennifer80@hotmail.com,997-061-0375x78515,"PSC 2846, Box 1226, APO AP 81143",South Ashley,Washington,90824,2023-03-17,12
17,Ashley,Hicks,richard48@lyons.com,+1-929-096-7788x28400,"09481 Reynolds Knolls, North Ashley, MI 52482",Harrisonstad,Nevada,07904,2024-08-27,20
18,Lori,Travis,mfischer@aguirre.com,422.133.6958,"4825 Ortega Roads Apt. 547, West Daniel, KY 34072",East Corychester,Mississippi,21396,2023-11-05,4
19,Gwendolyn,Baxter,adam45@berry-hoover.com,7584946626,"723 Melissa Passage, Ericaberg, OK 79535",North Josephmouth,South Carolina,17193,2022-10-17,19
20,Lisa,Johnson,richardnorton@hotmail.com,+1-628-320-1837x01217,"045 Rebecca Well, Port Suzanneland, ID 92894",West Christina,Hawaii,90489,2023-04-27,17
21,Ronald,Allen,laura25@yahoo.com,286.111.6610,"205 Gina Parkway, Melaniemouth, NJ 15537",South Eric,West Virginia,34136,2023-01-16,3
22,Joshua,Tate,emilyhernandez@sheppard-avila.com,824-156-4153x7165,"16968 Wright Gardens, Brittanystad, NH 15985",New Davidberg,Wyoming,67134,2023-10-19,2
23,Jennifer,Cole,jasonrivera@hotmail.com,001-349-913-0306,"8053 George Ridges Apt. 070, Jacobsonton, ME 56740",West Carlostown,Maryland,10268,2023-06-16,7
24,Raymond,Johnson,walterkenneth@smith.com,(186)592-4894x966,"USCGC Anderson, FPO AA 32141",Claytontown,Washington,01734,2022-11-09,12
25,Marcus,Willis,ryancampbell@schultz.com,4576874453,"USS Hawkins, FPO AA 15365",Maryfurt,Colorado,86664,2023-02-03,12
26,Timothy,Brewer,murphyantonio@yahoo.com,(344)943-3540,"PSC 9744, Box 7905, APO AE 30617",Walshville,Tennessee,79349,2023-08-14,1
27,Nancy,Stafford,qgood@bush-hill.com,(291)831-0349,"USS Wright, FPO AA 24006",Coryton,Virginia,64276,2024-09-04,12
28,Daniel,Alexander,uorozco@clark.com,001-626-849-1209x8078,"353 Peter Knoll, Laurabury, ME 89399",West Summerbury,Montana,67431,2024-08-20,15
29,Randall,Meyer,jamesgould@olsen.com,7549870981,"6170 Gonzales Coves, Lopezburgh, MN 73890",North Robinfort,Ohio,11287,2024-07-09,8
30,Rachael,Bradshaw,leemary@mckenzie-fox.com,927.476.6649,"1358 Church Turnpike Suite 530, Gonzalesborough, NE 50247",Smithberg,Vermont,40822,2023-10-12,1
31,Martha,Park,crystal36@austin.info,(657)568-1253,"20643 Howard Forges, West Angelahaven, AK 70957",Whitehaven,Nebraska,11397,2024-12-01,9
32,Rebecca,Willis,marmstrong@nguyen-michael.com,662.596.0053,"2424 Karla Corners Suite 683, West Kristy, CT 65889",West Veronicaport,Nebraska,90117,2022-01-21,18
33,Mark,Perez,rjohnson@gmail.com,(488)643-0361,"70212 Davis Pine, New Tyler, WI 69308",East Mark,Connecticut,76138,2022-09-26,8
34,Michael,Garner,pbell@yahoo.com,576-888-3184x42533,"PSC 4646, Box 4617, APO AP 01150",Meganfurt,Nebraska,28849,2023-11-07,8
35,Adriana,Williams,hannahmiranda@williams.com,713.163.2315x7883,"7655 Mcgee Cape Suite 124, North Michellechester, MT 38842",Derekmouth,Montana,69642,2024-11-29,10
36,Deborah,Martin,michael87@wallace.net,408.456.1363x51824,"490 Hunter Trail, South Clinton, SD 57838",Mariofort,Wisconsin,60239,2025-01-03,13
37,Ernest,Moore,nwalters@ortiz.org,(154)929-5036,"6213 Tyler Run Apt. 578, Williammouth, OR 87240",Kathleenshire,Nevada,44463,2024-11-01,6
38,Lauren,Freeman,kalvarez@lloyd-phillips.net,001-267-789-8630,"125 Susan Square, East Michelle, HI 54553",Jessicaborough,Louisiana,19091,2023-09-23,14
39,Debbie,Fox,farleygina@gmail.com,+1-289-628-1956,"2759 Wells Glen, Lake Brianside, NM 77506",Johnsonville,Washington,67765,2023-05-07,1
40,Brandon,Clark,johnsonmark@gmail.com,626-344-0987x9754,"Unit 7248 Box 4949, DPO AA 96376",South Henrystad,California,26993,2025-01-06,9
41,Kristina,Walker,jaredpalmer@yahoo.com,+1-830-826-3379x65229,"022 Mann Forks, South Kelly, KS 30802",Phillipsmouth,Hawaii,77369,2023-10-21,13
42,Tracy,Howell,jwilliamson@hotmail.com,+1-038-553-5799x62210,"2676 Casey Garden Suite 397, Michaelhaven, NY 98072",Port Adam,Nevada,45124,2024-07-01,10
43,Tanya,Martinez,david06@powell.com,598-218-5808,"5175 Nicole Island Apt. 565, New Timothy, CT 15576",Garciaside,Arizona,57624,2024-08-03,14
44,Melissa,Clark,audreyatkins@obrien.com,001-644-398-8724x47303,"7779 Philip Street, Medinaside, KY 72188",Lake Jeffrey,Alabama,22061,2022-11-01,3
45,Henry,Hughes,butlerdonald@pierce-woods.com,892-498-5496x1500,"5914 Campbell Park Suite 294, Rebeccaville, SC 37289",Lake Anthony,New Jersey,14744,2023-10-31,15
46,Christian,Duncan,jonathon03@hotmail.com,(322)823-8033x2242,"401 Rollins Views Suite 258, West Shannon, KY 14196",East Russell,Missouri,35627,2023-10-12,2
47,James,Watson,vmccoy@townsend.info,+1-342-900-1019x1752,"56378 Garcia Gateway Apt. 467, West Angelafort, WV 67806",Lake Tommouth,South Carolina,55439,2022-03-08,16
48,Jerry,Booth,jacobcowan@yahoo.com,+1-407-930-2132,"07088 Lori Vista, West Christopher, RI 87316",Leemouth,Washington,34664,2023-03-19,9
49,Craig,Navarro,carolyn46@hotmail.com,001-782-596-6832x1657,"95773 Jonathan Court Apt. 757, Hensonberg, TX 03710",Isaacside,West Virginia,55093,2024-07-02,4
50,Daniel,Campbell,tylergriffin@miller-sanchez.com,001-611-857-5777x6300,"4166 Hendricks Trail Suite 628, East Sarah, MO 78602",North Dannyside,Ohio,99781,2023-11-27,4
51,Hannah,Mills,james29@miller.com,+1-013-385-8554x97058,"PSC 3397, Box 0777, APO AP 38101",East Lindsay,Indiana,75992,2024-06-17,7
52,Kathleen,Bell,michael53@johnson.com,001-384-216-6337x531,"04065 Mack Summit Apt. 257, South Jennifer, UT 96116",South Kyleview,North Dakota,70088,2023-12-28,10
53,John,Horne,cindy36@lewis.com,+1-083-243-7062,"846 Kelley Park Suite 164, Wongburgh, NV 31185",Danielburgh,Alaska,86989,2022-10-07,13
54,Michael,Roberts,emilyshepherd@parker.com,088-057-5591x961,"6730 Kimberly Stravenue, West Stevenhaven, SC 63797",Odonnellburgh,Delaware,54481,2022-08-04,11
55,Austin,Rodriguez,martinrobinson@yahoo.com,+1-346-502-3921x8558,"9280 Green Centers, Jacobschester, GA 04882",Kruegerville,Pennsylvania,71563,2024-05-07,20
56,Mark,Pace,shawnmccoy@lewis.net,195.207.2648x5747,"8707 Dawn Bridge, North Deanbury, SD 98569",Lake Dawn,Louisiana,28811,2022-06-26,14
57,Ryan,Morales,simmonstodd@gmail.com,040.075.9467,"3775 Weber Cape, Weaverview, OH 56763",North Christian,Arizona,68584,2022-09-30,6
58,Parker,Nash,michael98@cox.org,861-172-8650x298,"2176 Stokes Landing, Port Matthewburgh, HI 89523",Patriciahaven,Nebraska,20749,2023-07-09,8
59,Madison,Meyer,christopher45@gmail.com,1665769015,"39191 Alicia Center, Port Ericstad, MT 30824",Jameshaven,Nebraska,77269,2022-06-30,11
60,Angela,Whitaker,todd15@harrell.net,+1-968-596-3546x29589,"6489 Joseph Rapids Apt. 061, Whitemouth, NH 10861",Kimberlyside,Colorado,26752,2023-02-18,6
61,Michael,Wang,jdavis@hotmail.com,(282)774-5853x122,"945 Brandi Tunnel, New Davidmouth, NC 86615",Neilfurt,Tennessee,23382,2023-06-25,20
62,Regina,Hill,santosadriana@reyes.org,601-198-4459,"3782 Pace Creek, Christopherstad, OH 32758",Mikefurt,Maryland,41933,2022-05-01,18
63,Aaron,Bennett,wagnerrebecca@yahoo.com,725-886-9300,"04026 Veronica Passage, West Craigport, VA 19349",East Brandonchester,Iowa,97297,2023-06-01,13
64,Paul,Gutierrez,rubencrawford@terry.biz,+1-355-378-0150x8620,"73732 Alexa Overpass Apt. 869, North Bonnieburgh, ID 12762",Lake Shawnmouth,Idaho,97292,2023-10-31,2
65,Karl,Ford,igonzalez@gmail.com,118.449.0622,"06045 Kyle Route, New Jeffreyview, WA 70690",Lake Michael,Iowa,37019,2024-06-30,10
66,Carla,Baker,xavila@gmail.com,001-890-166-1704x9804,"19946 Mcbride Centers Suite 985, Port Amber, KY 51856",Melvinview,West Virginia,02801,2024-11-25,1
67,Karl,Baker,kimadam@padilla-rojas.org,2831795637,"955 Michael Land Suite 737, Jacksonland, DC 81070",Duffyborough,Texas,50290,2023-12-11,11
68,Karen,Johnson,smithedwin@watts.com,+1-656-507-1787x7325,"73167 Curtis Ford Suite 360, Morganberg, MS 99870",Port Renee,Colorado,86908,2023-02-22,5
69,Kurt,Klein,thomaslauren@ross.org,088.776.2012x195,"173 Jessica Circles, Scottfort, MS 39061",New Robinview,Wisconsin,51879,2022-05-19,9
70,Dwayne,Smith,thomasgeorge@yahoo.com,614-402-3971,"59643 Kathleen Plaza Apt. 837, Powellton, WI 26273",Whiteport,New Hampshire,85276,2022-09-09,15
71,Brian,Hines,bryantabigail@gmail.com,302-241-3660x030,"291 Johnson Pass Apt. 488, East Angela, KS 00806",Chavezbury,Colorado,06193,2024-09-24,2
72,Thomas,Sanford,cortezcharles@yahoo.com,375-620-8608,"01161 Sullivan Crest, Williamsonborough, ID 65199",Vincentfort,Indiana,83761,2023-01-25,3
73,Felicia,Johnson,christopherpark@jones.info,(167)943-8787x357,"5766 Huerta Junction Apt. 102, Harmonfort, WA 93669",Port Karina,North Carolina,58996,2022-04-25,7
74,John,James,rachelbrown@parker.com,411.425.1822x8054,"5632 Brian Fields Suite 420, Chadfort, IN 43628",Hughesfurt,Illinois,31512,2023-02-25,11
75,Jason,Johnson,stephencampbell@hotmail.com,(382)440-3103x07691,"8140 Fritz Creek, South Lanceton, MO 02092",North Ashley,Delaware,69493,2023-09-14,3
76,Jennifer,Phillips,owilliams@blackwell.com,956-005-9177,"2007 Kelsey Path, Robertburgh, PA 50308",Daveshire,Kentucky,97531,2023-01-23,13
77,Kristi,Kim,erin37@huff-knight.com,(305)990-3486,"4229 Amy Motorway, Port Brittney, AK 43583",New Carol,Oklahoma,08065,2022-03-31,12
78,Carl,Saunders,burtonmatthew@gmail.com,213.824.5172x74566,"02760 Nancy Branch Apt. 449, Lake Alexachester, CA 47479",East Chelseachester,Tennessee,42910,2024-01-22,18
79,Ricky,Perkins,rweiss@cohen.com,(552)727-5796x5838,"77888 Norton Plaza, South Michaelland, MA 06343",North Kariberg,Mississippi,04768,2022-07-30,5
80,Jonathan,Carroll,bpierce@hotmail.com,+1-185-369-4709x6409,"7853 Calvin Hills Apt. 957, Padillatown, NE 96264",Daughertyville,West Virginia,91591,2023-01-03,11
81,Chad,Mccoy,amanda47@gmail.com,(306)939-9212x9747,"7973 Bishop Isle, Margaretstad, MI 47016",South Taylor,Florida,82448,2023-12-21,3
82,Melissa,Gregory,taratodd@hotmail.com,7079756218,"Unit 5361 Box 9480, DPO AA 02782",Farleyburgh,New Jersey,42845,2022-12-12,5
83,Mario,Waters,snyderzachary@hotmail.com,(171)529-8885,"3173 Jessica Station, New Christianberg, NE 54056",North Christina,Arkansas,39020,2022-07-29,2
84,Cody,Morales,housedavid@yahoo.com,741.863.1453x05891,"45143 Woods Mews Suite 360, Port Tracieside, CO 57212",Brandtberg,Louisiana,57240,2022-10-13,3
85,Alan,Gaines,jingram@welch-stone.com,(811)790-6065x352,"904 Anthony Trail, West Kevin, WV 80953",North Gina,Maryland,69287,2022-06-27,17
86,Christopher,Murphy,elijahwilkerson@villarreal-carpenter.com,763-079-9930,"16173 Burns Crossroad Suite 513, Salazarport, WV 61460",Patriciamouth,North Carolina,18203,2023-04-23,9
87,Eric,Riley,mark85@hotmail.com,(530)629-3897,"044 Williams Parks Apt. 254, Nicholasfurt, MN 92125",Cervanteshaven,Mississippi,88933,2022-02-05,8
88,Craig,Smith,teresahooper@adams.net,(480)652-3824x27129,"6138 Russell Knolls, Priceland, LA 02748",North Victoriamouth,Massachusetts,41543,2023-12-15,4
89,Sarah,Murphy,janet26@hotmail.com,953-873-6691x070,"95037 Kathryn Rest, East Cynthia, IN 73189",Gonzalesberg,Indiana,54736,2022-06-10,1
90,Justin,Weber,daniel72@sims.net,(740)556-4073,"0030 Jessica Tunnel Apt. 012, Jacksonborough, SD 86613",Alexishaven,Louisiana,24340,2024-11-25,5
91,Brenda,Hunt,kayla22@powell.com,4514575718,"Unit 9653 Box 2552, DPO AP 28893",Clarkbury,Alaska,35047,2023-02-26,19
92,Dana,Garner,barnettmichael@guerra-cox.biz,168-534-5939x02477,"11740 Jesus Village Apt. 643, Sandersmouth, GA 47666",Barbaramouth,Kansas,15634,2023-09-02,7
93,Terri,Hernandez,mary84@yahoo.com,001-841-433-0564x89953,"94262 Kyle Prairie Suite 955, North Suzanne, NM 11330",Harrishaven,Nevada,06711,2022-04-04,2
94,Christopher,Johnson,pattonkevin@adams.com,001-845-703-4230,"26341 Brenda Knolls, New Thomasfurt, WY 06087",South Marilyn,Nebraska,92970,2023-05-14,3
95,Meagan,Navarro,kimhogan@morrow.net,+1-227-281-8879x13720,"Unit 3131 Box 2935, DPO AP 39781",West Crystalport,Maryland,01543,2022-02-06,15
96,Barry,Bowman,johnsoneric@gmail.com,(418)455-4502,"PSC 2321, Box 1575, APO AA 78166",North Michael,Colorado,64525,2022-06-23,6
97,Cynthia,Brown,umclaughlin@smith-becker.org,001-315-435-9321x0842,"41683 Shane Prairie, South Brianfurt, GA 28154",Carrhaven,Missouri,90800,2022-03-29,6
98,Michelle,Graves,gharrell@yahoo.com,296.798.1288x53148,"9827 Rubio Villages Suite 822, Doylefurt, TN 74563",Port Patrickside,Washington,93076,2024-06-06,12
99,Megan,Brown,jonessharon@lopez.com,255.886.3943,"97588 Brandon Stravenue, Juanmouth, SD 23747",New Mary,Mississippi,04122,2023-08-06,16
100,Christopher,Phelps,daniel66@lee-rodriguez.com,+1-563-264-2218x1043,"0078 Rice Drive Suite 404, Port Sarah, DE 11399",North Michaelfort,Colorado,31473,2022-10-11,10
101,Kimberly,Dunlap,courtneyhale@diaz.com,+1-123-893-1440,"5452 Perry Street Apt. 801, Amandabury, DE 28701",Bishopton,Nevada,76190,2023-07-10,1
102,Amanda,Frank,wbrown@bennett.com,737-005-4508x38277,"382 Charles Vista, Buchananton, MS 47193",Lake Kyleburgh,Oklahoma,25356,2023-03-08,6
103,Erica,Robles,yvonnedominguez@gmail.com,+1-104-803-0530,"972 Medina Well Suite 751, South Dillon, OK 60460",West Jacobton,California,26639,2022-01-13,19
104,Stephanie,Jackson,mclaughlinmeghan@fowler.com,711-352-4005,"503 Rachel Walk, South Anthony, AL 73262",East Christopher,Georgia,81146,2022-08-10,3
105,Cody,Costa,hestersummer@gmail.com,(455)711-6206,"9686 Charles Motorway, Port Peterport, SD 47845",Lake Davidmouth,Massachusetts,07104,2023-12-24,16
106,Haley,Nixon,crawfordmeghan@ramirez-gallegos.com,8960996419,"190 David Port, New Michael, NY 27405",Lake Wyatthaven,California,66690,2022-09-04,14
107,Todd,Hart,bowenkelly@thomas-willis.com,779-663-1389x336,"67118 Michelle Crossing Suite 397, Chavezshire, IA 12405",Jonathanfort,New Jersey,16008,2022-12-30,20
108,David,Curry,wilsonhaley@hotmail.com,444.861.6266,"4680 Murillo Ranch Apt. 585, Scottmouth, AL 62729",North Valerie,Montana,13626,2023-08-05,12
109,Maria,Morrison,juan70@gmail.com,0119318049,"USNS Hansen, FPO AA 50621",New Danielhaven,New Hampshire,77832,2024-08-06,4
110,Jessica,Lopez,christopherknapp@yahoo.com,173.076.8166x457,"464 Kevin Heights Apt. 750, Millerburgh, ME 43602",Warnerport,West Virginia,16426,2024-07-17,7
111,Luis,Prince,andrew51@gmail.com,784-801-0768x434,"2850 Thomas Streets Apt. 146, West Emily, IL 48728",East Christopher,Oklahoma,37998,2024-11-21,4
112,Randy,Martinez,lsilva@yahoo.com,6061671259,"52510 George Freeway, Colonmouth, NV 85988",Douglasmouth,Iowa,60569,2024-04-05,7
113,Alex,Henderson,laurasantana@hotmail.com,(612)423-7237,"82660 Collins Knolls Apt. 369, North Rebecca, OH 67281",Karenfort,New Hampshire,65476,2022-03-22,15
114,Alan,Short,emartinez@yahoo.com,992.737.4297x2361,"34205 Harvey Bypass Apt. 328, Lake Daniel, IA 80368",East Justinshire,Alaska,14606,2022-12-13,20
115,Karen,Salinas,kristenjohnson@white-smith.com,301.436.2336x6150,"835 Johnson Ways Suite 538, Brianfort, KY 91412",North Sharonfort,Nevada,81786,2024-10-07,1
116,Sara,Schultz,steven02@bentley-simpson.com,001-383-701-1869x865,"22519 Gregory Fork Apt. 823, Port Michael, TX 12331",Waynetown,Nebraska,21388,2022-05-09,6
117,Maria,Figueroa,chavezrobert@moon.com,+1-962-200-0198x572,"5740 Kelley Lights Suite 003, East Sarahborough, OK 54714",Adrianaberg,Maine,42904,2023-03-14,17
118,Olivia,Gray,emily17@martin.info,0974930675,"1733 Murray Place, Carlsonland, NM 70393",Bateston,Utah,09696,2022-04-24,11
119,Rodney,Allen,robert95@hotmail.com,8056535907,"204 Charles Road Apt. 726, North Amy, MS 31699",New Erik,Vermont,33411,2024-03-01,20
120,Michael,Joseph,katrinamoore@yahoo.com,854.509.2052x9007,"581 Karen Divide Apt. 381, Johnville, SD 59721",Richardhaven,Oklahoma,41349,2022-11-01,10
121,Melinda,King,mhenry@hicks-smith.info,+1-321-769-6276x75615,"887 Becker Meadows, New Devin, TX 77737",Leemouth,Maryland,56901,2024-10-18,5
122,Katherine,Patterson,carriemerritt@yahoo.com,(072)186-5590,"9354 Mary Plains, North Tammy, AR 75241",Nathanielhaven,New Mexico,89688,2024-03-28,4
123,Mariah,Bolton,christopher10@torres-fletcher.com,691-985-6909x543,"48560 Kyle Meadow Suite 269, Amyberg, MS 76653",Brendamouth,Minnesota,87444,2022-04-26,1
124,Jordan,Moore,torresshawn@thomas.net,244-296-6706x796,"1389 Melissa Drives Apt. 053, Jeremychester, NH 14415",Vaughnberg,Vermont,77620,2024-09-22,3
125,Kristi,Decker,ruthrollins@graham.com,823-883-7790,"4022 Cody Gardens Apt. 076, West Barbara, NM 07859",Kennethview,New Hampshire,71361,2022-07-23,10
126,Larry,Hall,ellisstephen@lee.biz,009.340.5479,"454 Randolph Ramp Suite 980, South Austin, MO 16030",Troytown,Ohio,18474,2024-12-28,18
127,Nathaniel,Webb,rhonda09@nichols-hudson.com,001-092-720-0721x109,"0399 Barbara Light Apt. 336, Debbiestad, SC 89627",Jamesville,Alabama,16305,2024-05-01,6
128,Kyle,Barrera,bethany46@lamb-english.com,(399)586-1584x09088,"92836 Mcguire Drives Suite 663, Walkerville, ME 26274",Stanleyburgh,North Dakota,96346,2022-05-06,14
129,Robert,Collins,christina69@kent.com,001-245-252-3883x60374,"226 Robert Walks Suite 291, South Ronald, NJ 46728",Briantown,Arkansas,44179,2024-10-27,20
130,Joe,Smith,mcknightdavid@yahoo.com,613-661-6418,"21348 Gregory Spurs, Josephfort, NE 63787",East Eduardoport,Vermont,95223,2024-04-15,2
131,Hannah,Newton,rebecca33@hotmail.com,1904879528,"7825 Bender Park Apt. 208, Jordanport, VT 85687",South Jennifer,Rhode Island,52450,2022-02-07,14
132,Jose,Allen,webbnicholas@torres-jones.com,129.329.8339,"2882 Donaldson Loop Suite 606, Port Sandra, KY 56727",Bernardview,Texas,26075,2024-08-09,1
133,Jessica,Jenkins,amoore@yahoo.com,281.127.7968,"05112 Fleming Walks, Warrenshire, KS 87901",Goodtown,Maryland,51842,2022-03-07,4
134,Michael,Harrell,richardfowler@gmail.com,773-093-5015,"870 Odonnell Parks Suite 617, Port Aaron, SD 60173",South Walter,New Jersey,62674,2022-07-01,19
135,Corey,Davis,larsenheather@hotmail.com,161-193-6257x20927,"PSC 2975, Box 6307, APO AA 70700",Lake Susan,Minnesota,61954,2024-10-08,12
136,Emily,Smith,riveramackenzie@gmail.com,752-772-4223x916,"829 Thompson Walk Apt. 967, New Yolanda, NV 39367",South Erin,Vermont,40604,2023-01-03,10
137,Kelly,Stanton,vrobinson@gmail.com,+1-073-052-9192,"9749 Gonzales Fords Apt. 042, West Johnside, NV 01346",Harrisfurt,North Dakota,87923,2024-08-22,19
138,Shannon,Smith,martinjeremy@yahoo.com,+1-357-966-0514x3198,"232 Lee Cliffs Apt. 145, North Joyville, VA 91543",North Brianview,Georgia,09002,2022-06-18,9
139,Brianna,Beck,whitneymullins@bates.info,533-796-3869x681,"2547 Turner Coves, Lake Tonyberg, NH 98813",Downstown,Oklahoma,33030,2022-12-25,15
140,Sharon,Grimes,david82@hotmail.com,(038)375-4905x7200,"Unit 2969 Box 9001, DPO AP 59124",Brandonport,West Virginia,29776,2023-01-15,18
141,Brent,Austin,mary79@kennedy-mccoy.com,(252)708-8384x91584,"13916 Leonard Loaf, North William, HI 16716",Martinside,Vermont,72181,2022-05-10,3
142,Andres,Reese,ashley12@smith-weeks.org,001-942-050-6508x991,"3594 Lewis Unions, North Brianberg, IL 32195",Chelseastad,New Hampshire,22389,2022-01-20,13
143,Joseph,Garcia,cassandrataylor@hotmail.com,(782)930-4582,"015 Elizabeth Estate Suite 637, East Chris, MD 99402",New Michelleland,North Carolina,73593,2022-08-14,6
144,Joanna,Higgins,qharvey@henderson-obrien.com,1404139628,"1132 Jessica Rue, Gregorystad, OK 66991",Maymouth,Utah,32470,2022-01-17,8
145,Michael,Brown,hartnichole@yahoo.com,681-664-0176,"0496 Janet Walks, East Maureenborough, MN 58150",Paulport,New Hampshire,37394,2024-06-30,1
146,Brian,Taylor,astout@yahoo.com,+1-652-087-8039x06171,"17538 Morris Wall Suite 077, North Carlosshire, AR 82059",Lisaville,Pennsylvania,96004,2023-02-19,16
147,Carl,Cohen,esmith@yahoo.com,(313)809-3041x4494,"148 Conner Drive, East Jennifer, PA 70339",New Dianashire,Wisconsin,52770,2024-06-29,6
148,Mike,Thompson,jacqueline04@sanchez-white.com,475.565.0116x861,"1176 Brown Shoal Apt. 817, Taylorbury, CO 89879",Mortonshire,South Dakota,54721,2024-07-19,9
149,Mark,Casey,timothy46@hotmail.com,8266347198,"568 Macias Springs, North Juliamouth, ND 54990",New Bonnie,Oklahoma,49448,2022-04-10,6
150,Kaitlin,Jones,coliver@fisher.biz,(768)197-0052,"Unit 4730 Box 3493, DPO AA 23375",Lake Melissaview,Arkansas,99856,2023-08-05,19
151,Damon,Shields,tsaunders@hotmail.com,(222)060-4364x51420,"77391 Jordan View, Lindseyton, NJ 59237",New Hayleymouth,Missouri,49794,2024-11-24,15
152,Daniel,Miller,erica80@hotmail.com,649-535-6952,"527 Andrew Glen Apt. 919, Lopezburgh, ME 47572",Jamiestad,Delaware,06103,2024-10-22,9
153,Nicole,Olson,bnguyen@hotmail.com,(692)336-0881,"584 Brown Squares, East Shawn, DC 66877",Clarkemouth,Arizona,14924,2022-05-27,5
154,Donald,Esparza,merrittadriana@yahoo.com,(028)078-9709x7650,"3490 Brent Parkway Suite 982, Port Ryan, MO 71654",Molinaberg,Maryland,54327,2023-10-29,13
155,Raymond,Murray,ashley44@oneal.com,+1-661-094-6131,"313 Armstrong Courts, East Regina, ND 08085",Lake Jessicaburgh,Alabama,37681,2024-01-30,11
156,Robert,Marshall,vfisher@vargas.com,(736)373-1004x8898,"Unit 2118 Box 5693, DPO AP 19103",Joshuafurt,Indiana,69677,2025-01-01,7
157,Eugene,Mclaughlin,justinspencer@yahoo.com,+1-930-330-8444x563,"8543 Williams Road, Dianafort, DE 62526",Lindastad,Tennessee,24634,2023-04-28,5
158,Gerald,Torres,amclean@gibson.com,066-714-9012x28124,"USNV Brown, FPO AP 38181",Hallborough,Arkansas,44374,2023-04-17,15
159,Timothy,Ballard,cruzwilliam@mcintosh.com,001-316-741-5650x36937,"04789 Mullen Bridge, South Jason, OH 20226",Port Nicole,Connecticut,67894,2023-09-08,7
160,Jocelyn,Williams,jenniferreed@gmail.com,834-427-3007,"1471 David Groves, East Jonathanchester, ME 28853",New Audreyview,Arkansas,85607,2024-11-05,12
161,Jonathan,Woods,meyerrobert@gmail.com,5683343456,"28140 Mcdaniel Terrace, Jessicashire, KY 88273",Port Christopherhaven,Connecticut,06559,2023-07-08,3
162,Tony,Hall,shannonwheeler@gmail.com,3550942802,"878 Vazquez Road Apt. 735, Port Robertview, MI 41980",North Veronica,Utah,17456,2024-08-24,13
163,Mary,Lynch,pamela62@hotmail.com,+1-668-813-0891x637,"58547 Williams Mountains, Myershaven, MI 74747",South Kevinchester,Wisconsin,93827,2024-06-26,2
164,Karen,Braun,timothycunningham@richardson.com,593-273-3661x8380,"11919 Shawn Islands, Allenstad, GA 27887",New Kelly,Washington,89217,2022-11-25,2
165,Sheila,Brown,hahndavid@flynn.com,(754)668-1945x5399,"416 Manning Shores Apt. 826, Vasquezberg, SC 19260",Meganton,Tennessee,55319,2024-12-13,20
166,Jason,James,cookcarolyn@yahoo.com,001-641-491-1996x7847,"2185 Burnett Route Suite 191, Wrighthaven, CO 88325",Joshuahaven,North Carolina,22665,2023-03-16,1
167,Sara,Buck,mallen@nelson.com,295-866-6919x12009,"08455 Robert Lights Apt. 102, Royland, TX 80034",Port Thomaston,Missouri,05654,2024-09-01,16
168,Sarah,Bowen,tracygolden@ball.org,(289)133-7852x04720,"997 Joshua Mills, North Sarah, NM 46556",Hillside,Arizona,80916,2022-08-14,8
169,Candice,Munoz,robertsnatalie@yahoo.com,001-793-701-1812x608,"044 Shaw Grove Apt. 765, Thomasstad, ID 43267",Aimeefort,South Carolina,05120,2024-08-02,19
170,Derrick,Gutierrez,andrea25@yahoo.com,(473)173-2918,"7796 Lewis Union, Port Megan, VT 63123",East Kyle,Utah,90238,2024-03-13,10
171,David,Gomez,cameron64@yahoo.com,+1-942-722-5672x9926,"8776 Johnson Harbors Suite 136, Rubenport, NV 08947",West Ryanborough,Tennessee,50792,2024-08-23,16
172,Eric,Burton,loveanthony@yahoo.com,524-947-3143x504,"23795 Kirsten Village Suite 957, Hansonbury, ID 54555",Saunderston,Nevada,86854,2024-07-21,4
173,Larry,Johns,amandafields@hotmail.com,467.467.0124x984,"2475 Lawson Haven Apt. 365, Beckyfurt, SC 47300",East Maryside,Ohio,29242,2022-01-09,19
174,Andrew,Wilson,matthew63@hall-murray.info,+1-640-426-8258x906,"95787 Tyrone Spur, East Janethaven, ND 59819",Lake Jefferymouth,North Dakota,70644,2022-11-13,19
175,Amy,Schaefer,sarahernandez@yahoo.com,+1-879-648-2452x068,"5129 Hill Canyon Suite 082, Johnsonburgh, MT 87490",Smithhaven,Texas,96115,2024-11-13,5
176,Robert,Adkins,adamsjessica@lara-frey.org,348.030.0704x8799,"117 Vargas Vista Suite 903, North Danielletown, AZ 13763",Allenbury,Vermont,47529,2024-08-21,16
177,Gary,Clark,acoleman@hotmail.com,001-332-325-5861x907,"65225 Austin Crest Suite 606, Port Jasmine, NH 46184",Michaelborough,Vermont,17424,2023-11-09,18
178,Jennifer,Fuller,jamesblack@clark-rivera.com,319-201-6223,"268 Justin Coves Suite 570, Cynthiahaven, TX 73136",Port Nicholas,Arizona,75603,2022-07-19,2
179,William,Austin,twyatt@gmail.com,001-095-045-9326x9713,"525 Ellis Pass, Taylorchester, VT 75512",Wiseland,Florida,67696,2023-08-15,7
180,Leslie,Mcdaniel,jeremiahstafford@gmail.com,419.377.7063x056,"44430 Singleton Haven, Xavierland, SD 12710",West Michaelborough,New Mexico,75712,2024-10-05,9
181,Eric,Goodwin,claydamon@yahoo.com,001-244-480-0407x390,"67134 Holly Route, Perkinsville, SC 95716",West Joshuaborough,Montana,17405,2024-12-10,15
182,William,Boyd,jenniferwhite@gmail.com,159.816.0684x1380,"2782 Lisa Points Suite 477, West Matthew, MA 40918",West Susan,Arkansas,55865,2022-07-28,15
183,Stephanie,Oconnell,ashleysanchez@patel-moore.com,025.275.7555,"799 Stephanie Fords Suite 806, Richardtown, WI 17341",Santosshire,Iowa,09101,2023-09-11,15
184,Vanessa,Espinoza,hmartin@yahoo.com,001-543-478-7425x947,"5159 Smith Throughway, Johnfort, TX 01938",New Jeffrey,Delaware,26610,2022-07-31,20
185,Tyler,Smith,jenniferdavis@yahoo.com,+1-785-752-2032,"378 Jennifer Expressway, Suarezburgh, KS 51708",Frazierside,Oklahoma,69041,2022-12-10,13
186,Shane,Everett,harperjoshua@cole.com,001-974-877-7585x191,"39574 Jennifer Causeway Apt. 533, Amymouth, CO 32237",North Danielshire,Maine,04330,2022-11-03,17
187,Corey,Reynolds,mark33@martinez.com,556-692-2723x056,"2675 Ann Meadow Suite 005, East Philip, VA 95620",East Yvonnebury,Mississippi,27829,2024-01-22,7
188,Veronica,Rogers,frances91@gmail.com,941.368.4710x1424,"68869 Kimberly Wall, Olsenhaven, NJ 71115",North Aprilburgh,Massachusetts,42449,2024-10-26,12
189,Jeremiah,Finley,garnerrebecca@yahoo.com,(281)129-2216x630,"940 Hector Inlet Apt. 019, Kimfurt, PA 07796",South Richard,California,44185,2022-09-27,5
190,Frank,Walker,pmiller@gmail.com,0773346757,"76747 Davis Meadow Suite 935, New Joshua, VT 95957",Tammyton,Alaska,17493,2023-01-06,1
191,Shawn,Lopez,obrown@hotmail.com,209-726-8516x6015,"Unit 6324 Box 9977, DPO AP 52869",West Ericport,Florida,77868,2024-05-18,13
192,Heather,Herman,jacksonkristen@mendez-rivera.com,001-080-600-0904,"746 Stephen Islands Suite 342, East Douglasville, NE 25065",West Davidhaven,Arkansas,56925,2024-08-13,5
193,Charles,Allison,ericasolomon@bender-gaines.info,001-444-941-9393x66591,"80505 Danielle Plains Apt. 199, East Tiffanyhaven, KY 95094",North Jessica,Arkansas,78343,2024-01-16,17
194,Emily,Larsen,jamiewarner@rodgers.com,380.390.1383x015,"Unit 9097 Box 9806, DPO AP 74159",Reedtown,Tennessee,07464,2023-05-17,3
195,Valerie,Hawkins,oscar56@nichols.com,421-953-6549x261,"2111 Connor Brook, Aaronview, PA 64489",Richfurt,Ohio,23280,2022-10-15,7
196,Sarah,Roth,astevenson@reyes.com,498-128-5785x8370,"5681 Stephanie Ridges, Lake Nataliebury, MO 94580",East Andrewmouth,Iowa,34213,2024-09-14,13
197,Lisa,Burns,jessehill@gmail.com,928.687.2882,"6434 Brooks Ville Suite 014, Zunigastad, MD 73750",Jessicashire,Mississippi,12643,2024-09-17,4
198,Jessica,Roberson,kevin21@spencer-hodges.com,346-471-6215,"03284 Joseph Shoal Apt. 822, North Jessicafort, NV 84219",New Sherry,Nebraska,22844,2023-01-12,9
199,Michelle,Cox,xhart@marshall.biz,001-478-447-4001x17119,"PSC 3554, Box 6364, APO AP 30981",New Sharon,Delaware,16971,2023-09-27,8
200,James,Gray,weavernicole@hernandez.com,(633)713-1020x42500,"4275 Clayton Isle Suite 888, Farmerborough, NM 16063",Kathleenberg,Alaska,21585,2024-11-17,14
201,Diana,Barry,pettyrandy@warren.com,2303177394,"18917 Christopher Mills, Keithberg, DC 27295",East Susan,Tennessee,13246,2023-07-27,11
202,Johnny,Tucker,dkim@gmail.com,+1-571-440-4764x812,"133 Elizabeth Circle, Kennethview, MT 43302",Ianborough,Pennsylvania,64914,2023-04-15,15
203,Janet,Flores,moonkristen@davis.biz,+1-007-817-8830x769,"6875 Massey Passage, New Ann, NE 35961",Port George,Hawaii,40274,2022-12-04,17
204,Veronica,Edwards,rdixon@hawkins-beck.com,001-584-651-8542,"700 Garrett Orchard, East Laura, MD 36320",Roystad,Delaware,03124,2024-09-30,3
205,Christina,Lin,lhill@mccoy.biz,+1-299-087-8703x6684,"PSC 9285, Box 4868, APO AE 25229",South Christopher,North Carolina,04620,2022-05-31,2
206,Amy,Smith,srodriguez@hotmail.com,001-752-137-2722x92706,"754 Green Hollow Apt. 085, New Johnbury, AK 09596",North Mary,North Carolina,08172,2023-02-03,11
207,Monica,Mayer,jacobdavis@holmes.com,661-669-4227x01688,"903 Aimee Vista, Rodriguezburgh, UT 39240",West Paulfurt,Missouri,01099,2022-07-04,10
208,Christopher,Walker,brucemelissa@sanchez.info,(512)324-2340x335,"6930 Joshua Plaza, North Jeanette, AZ 90957",Lake Brianland,Mississippi,25168,2023-05-13,14
209,Stacey,Miller,harrisonkenneth@hotmail.com,013.526.9944x390,"Unit 1505 Box 4902, DPO AP 77358",West Luis,Iowa,81013,2023-11-20,19
210,Samuel,Burns,xrangel@hotmail.com,(579)048-5819,"405 Roberson Courts Suite 526, Port Christopher, SC 73187",Lake Mariaside,South Carolina,91957,2022-08-19,1
211,Scott,Bradley,nbryant@anthony.com,213-039-2221x913,"51951 Dustin Bypass, New Kevinfurt, NV 35502",Raymondmouth,Missouri,18932,2022-08-21,17
212,Sherry,Campbell,nicholas39@hotmail.com,938.216.5694,"285 Rivera Fort, Port Anne, PA 45020",Justinstad,New York,49558,2024-07-23,11
213,Kaylee,Frazier,marellano@hoffman.com,718.934.6995,"94504 Laurie Run Suite 186, Orozcoton, RI 87486",South Alan,North Carolina,21285,2023-03-26,20
214,James,Hancock,kathleenfrederick@gmail.com,+1-583-853-1748x744,"2139 Amy Course Apt. 675, South Kyle, MI 76078",Port Justinchester,Maine,40155,2022-12-12,11
215,Gary,Nelson,carpentererin@hunter.info,041.347.0751,"51955 Aguilar Tunnel Suite 941, Kimberlymouth, NC 80691",Harmonfort,Louisiana,46149,2023-06-01,20
216,Kyle,Nguyen,katiedelgado@hotmail.com,555.782.1330x7194,"7092 Sandoval Road Apt. 535, Whitefort, KY 29092",Reyesbury,Rhode Island,62723,2022-11-15,8
217,April,Brown,grant60@hotmail.com,+1-062-695-8495,"86027 Hoffman Knoll, Lisafurt, OK 51091",Bentonland,Georgia,92498,2023-07-26,5
218,Monica,Evans,carl52@yahoo.com,+1-321-562-9691x79045,"85114 Flores Pass Suite 552, Henryshire, TX 83175",Michaelburgh,Nevada,47422,2023-07-30,1
219,Billy,Williams,hestrada@yahoo.com,001-932-358-6731x74617,"647 Harper Keys, Ortizshire, WI 56869",Ruthtown,West Virginia,69996,2022-12-23,4
220,Mary,Winters,lirobin@gmail.com,001-739-231-5828x5436,"6036 Yates Flat Suite 464, Caseyfurt, WY 34257",Jeremiahport,Maryland,01894,2022-02-23,8
221,Kimberly,Brown,webstertracy@gmail.com,875.433.4173x911,"731 Carolyn Trail Suite 407, East Jenniferfurt, NV 08440",Port Sabrinaport,Wisconsin,74866,2022-06-24,20
222,Jeffery,Potts,angie85@hotmail.com,646-573-5296x916,"21576 Beard Viaduct, Victoriatown, LA 61731",Smithtown,Louisiana,72531,2024-03-15,9
223,Lauren,Washington,keithgonzales@hotmail.com,+1-450-163-3472,"USNS Baldwin, FPO AE 91790",Lake Brandi,Kentucky,30871,2023-02-22,13
224,Joe,Rogers,dylankemp@yahoo.com,(697)628-3268,"30663 Arnold Pines, East Gail, IA 10874",East Anthony,Michigan,69964,2024-09-19,4
225,Phyllis,Green,jacksondaniel@gmail.com,(895)047-2621x5201,"888 Clark Ramp, Hoffmanmouth, ME 76533",New Bradley,New York,33206,2023-10-22,12
226,Jacqueline,Johnson,barbaramoody@buchanan.com,+1-509-058-2895x411,"30626 Martin Trail, Port Derrickfurt, MD 83077",Parkhaven,New Hampshire,02488,2023-04-15,13
227,Elizabeth,Duarte,brownchristina@richards-cook.com,464.331.1227,"39558 Haley Rue, Stephenville, TN 90454",Lake Elizabeth,Tennessee,81750,2022-01-13,11
228,Cynthia,Zhang,kathleenpadilla@yahoo.com,(335)232-9629,"54835 Johnny Rue, Rebekahview, WA 83474",Wellsside,Minnesota,41529,2024-06-02,3
229,Johnny,Watson,ricky35@ballard.com,+1-362-360-4240x104,"5810 Patton Plaza, Harrisport, GA 92153",Jessicaborough,Washington,73076,2023-05-29,16
230,Molly,Keller,christopher28@barr-welch.info,(415)273-3758x940,"55032 Hall Club, West Diane, AZ 18539",Nelsonport,Alaska,08728,2023-12-20,8
231,Anna,Coleman,nrichards@hotmail.com,936-534-7479x549,"4153 Valdez Fork Apt. 985, Simston, SC 46641",Christinaton,New York,33862,2023-09-30,12
232,Brian,Mckenzie,williamsrhonda@gmail.com,001-406-913-4192x11218,"30750 Craig Parks, Fryport, OR 20571",South Courtney,Illinois,85759,2023-04-27,19
233,Melissa,Ho,mbennett@gmail.com,(958)661-6992,"420 Todd Trail Suite 465, Port Angelica, OH 29267",South Erikahaven,Virginia,82071,2023-06-05,7
234,Tammy,Bennett,garrettkaren@parker.com,(489)875-9766,"5151 Valentine Stravenue Suite 299, West Maurice, MS 83219",East Brandon,Pennsylvania,71836,2024-05-30,3
235,Matthew,Griffin,ifitzgerald@hotmail.com,001-896-401-5145x21367,"90392 Flores Brook Suite 770, New Sarah, NJ 02256",Monicaburgh,Arizona,44581,2023-03-27,11
236,Kenneth,Cooper,cindyharvey@yahoo.com,166.557.4065x040,"410 Paul Course, West Justinfort, DE 91267",Amandaborough,Ohio,18686,2024-03-28,6
237,Alexis,Hill,peter71@hotmail.com,+1-846-621-2645x033,"663 John Groves Suite 589, North Maria, IA 19124",Heatherberg,Arizona,24527,2024-06-01,9
238,Tammy,Hall,aluna@parker-fox.info,001-447-437-0110x46664,"096 Martin Radial, Katelynfort, MO 91000",Greenemouth,Tennessee,75353,2024-09-22,6
239,Morgan,Rivera,davemarks@yahoo.com,(069)168-9036x561,"34899 Sharon Forges, Reevesstad, SD 64968",Jamieside,Oklahoma,85200,2023-03-08,15
240,George,Shaw,karirodriguez@fritz-burns.net,196-715-6608x24571,"045 Nicole Pine, West Laurentown, IA 98078",East Kari,Missouri,31490,2024-08-16,10
241,Laura,Campbell,thomas30@hotmail.com,8388937370,"PSC 7999, Box 0064, APO AA 47403",Port Tracybury,Missouri,20911,2024-05-19,2
242,Daniel,Salinas,andreabrown@yahoo.com,405-220-4802x7553,"PSC 1379, Box 8456, APO AA 26934",Lake Benjaminchester,Colorado,21409,2023-02-19,9
243,James,Carney,mpeterson@gmail.com,4149598158,"41261 Joseph Estates Apt. 534, North Aliciaside, SD 98253",West Lori,Ohio,84008,2023-10-23,9
244,Rhonda,Wagner,rmoreno@beck.com,001-624-301-9825x6053,"Unit 0905 Box 6141, DPO AP 35686",Ritaville,Oklahoma,67948,2022-11-02,19
245,Stacy,Bird,thompsonerin@hotmail.com,527-575-6932x675,"71230 Brittany Turnpike Suite 714, Emilyburgh, NE 34154",Port Bobby,Tennessee,05456,2023-01-12,19
246,David,Salas,susan04@hart.net,(192)248-8152,"Unit 0971 Box 8799, DPO AP 32569",Port James,Wyoming,82070,2023-02-03,8
247,Carlos,Koch,jamie41@gmail.com,(188)838-8422x421,"1533 Wilson Valleys Suite 052, Ianmouth, SC 78998",South Alan,New Mexico,44479,2023-01-10,18
248,Jeremy,Alvarado,kward@weiss.com,(071)617-5186x38724,"509 Jill Mission, North Craigview, CA 34632",East Tyler,Montana,51649,2023-04-08,4
249,Ashley,Allen,wroberts@yahoo.com,1283836968,"83924 Rebecca Hill Apt. 624, North Martinmouth, SD 49886",Lake Curtisland,Tennessee,80682,2023-01-23,8
250,Sean,Mayer,qrichard@gmail.com,(622)566-9854,"193 Castillo Ville, North Jeremy, ID 30532",Darlenemouth,Texas,68576,2022-11-24,12
251,Crystal,Garza,khanerica@peterson-scott.com,001-797-280-3641,"8690 Wallace Locks, Alexisburgh, GA 98868",West Jennifer,Maryland,46511,2022-07-25,15
252,Laura,Mathews,richardmartin@yahoo.com,001-051-202-5723,"2765 Linda Well Suite 336, Port Ryan, MA 96732",Ramirezville,Utah,07581,2022-09-26,16
253,Carlos,Hopkins,nicholashensley@hotmail.com,+1-223-747-4502,"748 Priscilla Divide Apt. 891, Kentland, OH 75050",South Robyn,New Jersey,45197,2024-02-10,15
254,Donald,Johnson,garrettkathleen@scott.info,(372)935-5901,"USNV Gonzalez, FPO AE 49337",Port Stacyberg,California,23644,2022-01-09,17
255,Kiara,Davis,wilsonpatrick@yahoo.com,742-320-2813x797,"987 Alexander Manors, Lauramouth, AK 16876",Moralesshire,Mississippi,78991,2024-03-22,16
256,Christine,Roberts,fespinoza@meadows-odonnell.info,1729115909,"494 Diane Flat Suite 425, North Edwardtown, CA 95114",North Mariaborough,Indiana,12045,2022-04-04,1
257,Melissa,Farmer,vramos@gmail.com,(271)049-4997x661,"8774 Campbell Stravenue Suite 298, Port Evantown, NV 05868",Morganmouth,Nevada,62018,2024-09-05,9
258,Alan,Weeks,michaeljohnson@hotmail.com,717-748-0093x2016,"047 Le Forges Apt. 797, Port Michaelchester, AR 73656",West Susanfort,Colorado,23977,2022-03-17,2
259,Robert,Terry,melissawilson@gmail.com,(257)109-6498x62052,"3725 Briana Parkways Apt. 138, North Sharon, AL 54958",South Andrewville,Tennessee,96298,2023-04-18,17
260,Adam,Walker,barrontimothy@gmail.com,739.770.5359x08219,"Unit 3918 Box 8854, DPO AA 74466",Port Taylor,Montana,10922,2022-01-27,6
261,Patrick,Huff,xscott@kim-henderson.com,005-399-4372x5339,"0439 Tiffany Gateway Apt. 748, Terryton, IL 69968",Williamsonmouth,Louisiana,37674,2024-04-17,18
262,Danielle,Hurley,hendersonashley@anderson-schmidt.org,+1-862-747-9167,"219 Julie Lakes, Port Brian, AL 56771",East Susan,Michigan,92284,2023-04-10,19
263,Beverly,Rocha,reillygina@gmail.com,001-895-749-6834,"3263 Brock Road Suite 132, New Erik, MN 52115",Raymondborough,Oregon,28148,2023-02-01,11
264,Erika,Aguilar,leonardmiller@yahoo.com,(856)404-1728x2729,"26529 Pearson Circles Apt. 082, Kennethberg, MI 40894",Port Sylviachester,Washington,89970,2024-06-21,1
265,Lauren,Martin,sean58@yahoo.com,259.686.3097,"84664 Hill Land, Austinborough, AK 15265",Port Marisa,Pennsylvania,50582,2022-12-02,9
266,Chad,Brooks,jwagner@hayden-manning.com,001-851-319-9338x51474,"6726 Margaret Crescent, South Joseph, NM 83097",Lake Adrian,Arkansas,75027,2024-11-01,16
267,Steven,Potter,davisjohn@hawkins.info,001-371-472-0901x84371,"9891 Lambert Trail Suite 217, Port Sandramouth, NY 49443",West Jameschester,Arkansas,26623,2023-06-24,11
268,David,Rodriguez,michelehughes@johnson.net,383-916-7967x2786,"638 Courtney Island Suite 119, New Edward, NC 73445",East Becky,Idaho,04346,2022-11-18,16
269,Sydney,Smith,kevinbarnes@yahoo.com,(422)769-6424x3898,"213 Martinez Crossroad Apt. 323, East Kathryn, OH 45853",Patriciafort,Utah,99865,2024-08-02,16
270,Brandon,Ingram,leroy61@sandoval-newman.info,(743)630-4804x6091,"3648 Stephen Path Suite 770, Lake Sherry, GA 93935",South Julie,Rhode Island,25150,2022-12-26,5
271,Rachel,Jacobs,michelle05@gmail.com,(337)818-0775x71679,"03400 Kimberly Trail Apt. 031, Coreystad, MI 94940",Bernardfurt,Vermont,80833,2022-05-09,10
272,William,Burton,michael39@alvarez.com,+1-224-641-9065,"USNS Cunningham, FPO AA 70032",East Victoriashire,Virginia,67699,2023-06-27,17
273,Charles,Morris,cartercheryl@cooper.biz,001-705-189-8805x950,"5678 Hunter Villages Suite 154, South Anne, MI 92991",Robertview,Alabama,06555,2023-03-31,10
274,Jeffery,Vazquez,margaret33@mason.com,466.453.8681,"95605 Perez Roads Suite 883, Lake Sarah, SC 93729",West Melissaside,Pennsylvania,43323,2023-03-11,14
275,Thomas,Brown,david24@ramsey.com,001-061-905-0375x87032,"47814 John Falls, Cassandrabury, IN 24711",Amandachester,North Carolina,04663,2022-01-11,13
276,Kathryn,Anderson,walkershaun@roberts.com,5584570794,"0932 Wright Crossroad, Brandonton, VA 52229",South Michelle,Utah,47990,2022-08-10,19
277,Charlene,Hernandez,michelle23@yahoo.com,448-374-3203x9219,"53665 Waller Inlet Suite 564, East Cassandraland, SD 84808",Thompsonside,Virginia,56333,2023-10-21,4
278,Mark,Horton,wwalker@tucker.com,441-698-9808x2090,"386 Burnett Brook, Taylorhaven, KS 62308",Nicholasshire,Maryland,19824,2024-01-22,7
279,Joseph,Rodriguez,raymond88@blankenship.info,+1-450-016-8277x7828,"1068 Kennedy Cliff Apt. 746, Jorgeberg, MI 26985",North Nathantown,Rhode Island,29842,2024-09-02,9
280,Stephanie,Burgess,cochranjeanette@shields-richardson.info,001-461-859-0854x162,"824 Mason Lights, East Miguel, VT 11635",Guerrafurt,Texas,14077,2022-09-21,10
281,Ryan,Elliott,ywhite@yahoo.com,(120)498-9581x546,"506 Sexton Lodge, Darrenville, DC 14847",Andersonview,Utah,32135,2023-04-26,11
282,James,Wright,blake44@gmail.com,001-769-156-7787x35570,"USCGC Avila, FPO AE 83979",Johnbury,Pennsylvania,72834,2024-08-15,18
283,Janet,Matthews,victoria74@ray-shields.org,+1-324-858-1463x692,"2581 Jessica Village Apt. 398, North Frank, MA 44247",Chloeland,California,52947,2023-07-30,16
284,Roy,Odonnell,ysmith@sullivan.com,6371893729,"3043 William Drive Suite 023, New Eric, PA 47996",Alisonborough,Delaware,64953,2023-09-08,9
285,Elizabeth,Patel,mblack@yahoo.com,(456)029-5560x7949,"6126 Crosby Ramp, Paigefort, ME 61805",West Bradleyberg,Oklahoma,28450,2024-01-13,13
286,Connie,Wang,aclark@gmail.com,370.021.5724x43635,"9538 Brown Drive, New Darlene, IA 70539",West Melissa,North Carolina,15379,2023-03-03,19
287,Andrea,Davis,mwright@chandler.com,(235)289-6352x830,"8327 Aaron Circles Apt. 561, Port Christopher, ME 97627",Fieldsbury,Connecticut,23095,2022-03-16,17
288,Charles,Woodward,josephshaffer@gmail.com,(571)328-2843x6796,"8538 Frank Park, Bethside, IN 54724",Howellside,Arkansas,02000,2022-06-17,1
289,David,Hernandez,vgonzalez@short.com,+1-388-800-0872x42187,"96374 Price Corner Apt. 050, Anthonytown, VT 60340",Gracetown,Arizona,97065,2024-02-02,14
290,Kelly,Porter,daniel88@gmail.com,008.646.3479x1279,"1947 Riley Light Apt. 389, Peterfort, WI 57769",Sullivanborough,Hawaii,22019,2023-11-29,15
291,Richard,Martinez,qrobinson@hotmail.com,223.838.9827x363,"02535 Heath Mountains Suite 746, Garciachester, CA 17868",East Troymouth,South Dakota,98217,2024-10-27,19
292,Kimberly,Edwards,lynnpollard@harris-white.com,(771)864-3816,"58539 John View, Markland, MA 80532",Kimberlyport,California,98619,2022-06-23,4
293,Edward,Bishop,salastina@simon.info,001-616-336-6192x097,"060 Chavez View Apt. 131, Johnsonside, WY 10516",Whiteside,Oregon,96027,2024-12-31,2
294,Bailey,Richmond,oramirez@lara.org,+1-029-414-1674x780,"USS Cannon, FPO AP 34102",East Thomasview,California,53280,2024-12-30,16
295,Sara,Mitchell,kaylawhite@yahoo.com,657.424.6464x973,"24226 Jackson Manor, Lake Scottville, NV 21400",West Ashleystad,Delaware,94841,2024-07-01,3
296,Jennifer,Kelley,vcox@gmail.com,(939)388-2454x9390,"0811 Willis Vista Apt. 365, South Robert, TX 10519",Markside,Utah,04018,2024-11-12,16
297,Timothy,Russo,griffinscott@yahoo.com,1400972551,"13010 Vanessa Lights Suite 193, West Candice, OR 04435",Port Seanshire,Nevada,85308,2023-03-05,2
298,Jose,Ritter,jamieconner@hotmail.com,373-410-6291x174,"66375 Gray Lane Suite 268, Laurieburgh, CO 38792",East Ryanshire,Nevada,56530,2023-05-13,17
299,Victoria,Fox,qfinley@evans-spears.com,270.925.9778,"6999 Miller Mills Apt. 219, Buchananton, IL 47610",New Joannatown,Wisconsin,30046,2023-09-02,19
300,Brian,Young,kgomez@jackson.com,001-003-169-0145x3305,"96154 Gibbs Lodge Apt. 566, Lake Elizabethside, NM 53959",West Kim,Maryland,21405,2022-10-03,9
301,Lynn,Ramirez,patrick27@hotmail.com,+1-545-516-9243x7515,"752 Matthew Mountains, Christopherland, CA 06863",East Deniseport,Oklahoma,18795,2022-10-04,12
302,John,Nash,donald80@gonzalez.org,+1-376-928-0129x9906,"8446 Mark Ville, East Danielmouth, WY 44022",Lake Jeremyshire,Alabama,09483,2023-09-02,18
303,Colin,Powell,stevencasey@gmail.com,(043)534-1183,"46784 Dawn Glens, Parkerport, OK 86587",Charlesview,Virginia,30475,2022-07-17,17
304,Michael,Rodriguez,thorntonjason@prince.com,(818)595-3593x2848,"55306 James Drive Apt. 024, South Jacob, KY 35621",Lake Danielchester,Hawaii,45251,2022-01-10,18
305,Stephanie,Lewis,charles13@yahoo.com,+1-306-915-9623x00378,"6059 Berry Shoal, Charleston, CO 93231",Grantfort,New York,51510,2022-04-01,3
306,Dennis,Porter,dawn07@yahoo.com,220.718.5206x58359,"20298 Christopher Underpass, East Kyle, MD 19503",Toddside,Massachusetts,71305,2024-08-07,17
307,William,Smith,loganabbott@wallace.com,0363023283,"602 Marvin Squares, North Javierport, WV 73047",Christinamouth,Pennsylvania,20922,2022-06-05,12
308,Sheri,Lewis,ryanwilson@hotmail.com,484-755-3183x822,"29094 Rachel Wall Suite 230, South Carly, NH 16738",Darrellburgh,Wyoming,22481,2024-07-24,13
309,Joseph,Hoffman,bradley87@george.com,3235338705,"022 Victoria Estates, Johnsonmouth, CO 32420",South Davidmouth,South Dakota,83027,2023-09-06,5
310,Hannah,Tanner,johnsonthomas@hotmail.com,844.601.8836x938,"701 Donald Loaf, Port Reneechester, CO 21899",New Christopherbury,Nevada,69550,2022-02-17,15
311,Donald,Reeves,john88@williams.com,509-448-2144,"71621 Benjamin Trafficway, West Brian, RI 80787",Lake Helenmouth,Alaska,96819,2024-04-24,10
312,Julie,Middleton,bsmith@murphy.com,001-593-475-0501x856,"6838 Taylor Mountains, New Austinborough, NY 94092",East Stephenhaven,Alabama,26448,2022-06-25,10
313,Nancy,Smith,melinda21@golden-harrison.com,0668897674,"955 Jones Locks, Sheltonbury, WI 22843",Hallport,Vermont,67825,2022-10-19,18
314,Juan,Rowe,sullivankatie@thomas-flynn.com,970-432-1498,"9081 James Ports Suite 319, South John, MD 71744",Pettyshire,Virginia,13669,2022-02-03,12
315,Phillip,Bennett,rubiokevin@carrillo.com,954.744.5642x772,"6668 Waters Street Apt. 282, North Jessicatown, AL 29903",Staceystad,Michigan,76696,2022-03-16,10
316,Joseph,Hill,kpatel@williams-garrett.com,449-516-3235x9417,"400 Amber Cliff, Guerramouth, MA 28076",Port Samantha,Arkansas,12539,2023-01-15,12
317,Christina,Gonzales,gentryhelen@perkins-ward.com,062.857.8523x09272,"333 David Row, North Melissa, HI 72333",North Keithmouth,Delaware,91039,2022-12-13,13
318,Tiffany,Harding,muellervictoria@porter-oconnor.org,764.528.1384x46584,"4574 Mclean Pines Apt. 040, South Jaredmouth, DE 64370",Levinestad,North Dakota,81968,2024-04-20,3
319,Diamond,Dalton,dmassey@yahoo.com,(937)257-5956,"755 Nicole Road, North Kellyport, CO 62316",East Christinaberg,Rhode Island,93953,2022-05-19,3
320,Adam,Mahoney,robertwilliams@gibson.com,001-478-412-1649,"777 Anderson Common Suite 759, Lake Nicolestad, RI 98513",Port Bryantown,Nevada,90491,2023-09-22,8
321,Kari,Patel,ipeterson@zamora.com,827-762-9570x74032,"8706 Elizabeth Courts Apt. 803, East Elaineland, GA 14071",West Brookeside,Maine,36628,2024-08-30,2
322,Amanda,Williams,codywood@mayer.com,875-250-1285x5775,"8012 Kimberly Shoal, East Kaitlynshire, MI 66427",Bishopfort,Oregon,22457,2022-02-20,11
323,Heather,Farley,morrowsusan@hotmail.com,001-039-523-6625,"7401 Curtis Island Apt. 123, Patelland, AR 72954",Charlesborough,Wisconsin,28618,2024-12-17,3
324,Stephanie,Williams,kristin66@lee.com,+1-572-241-3556x042,"3556 Arthur Springs Suite 469, Hopkinsport, VA 30691",Lake Allisonville,Massachusetts,81051,2022-09-20,7
325,Caitlyn,Santana,halljeffrey@gmail.com,001-141-608-3675x8908,"0015 Dixon Rapid Apt. 444, Collintown, LA 06804",North Juliaside,New Mexico,68086,2022-09-06,8
326,Andre,Ellis,edward97@lyons-flores.net,673-003-0541x9544,"USS Gomez, FPO AE 56299",Lake Michael,Nevada,40944,2022-01-15,20
327,Kristie,Herrera,sthomas@hotmail.com,753-379-7057,"142 Katherine Estates Suite 289, Port Ruth, UT 11751",Garciaton,Connecticut,91582,2024-03-29,20
328,Monica,Freeman,qthomas@gmail.com,+1-591-680-8080x7411,"578 Benson Tunnel, Port Rebeccaberg, PA 95860",East Lindseyfurt,North Dakota,47924,2024-08-14,15
329,Donald,Harris,bridgethernandez@gmail.com,+1-407-694-5212x087,"4917 Foster Neck, New Shane, NH 02465",Keithstad,Texas,95047,2024-06-22,4
330,Jennifer,Mcdonald,zhenry@yahoo.com,001-402-951-6685x7404,"157 James Knoll Apt. 189, Warrenmouth, NJ 50553",East Tiffany,West Virginia,03765,2024-06-15,7
331,Cody,Franklin,vsmith@lane.com,(699)688-8386x289,"22919 Deborah Passage Apt. 369, Millerchester, TN 57474",Chanbury,Iowa,72432,2023-05-03,5
332,Fernando,Ayers,andrew32@dillon.biz,+1-878-384-3180x69471,"0284 Kelley Court Apt. 716, West Daniellechester, SD 59172",Burgessfort,Florida,31280,2024-05-25,8
333,Ashley,Smith,njenkins@yahoo.com,569-876-1146,"3853 Charles Passage, Samuelburgh, MD 50064",North Debbie,Ohio,66434,2022-08-19,6
334,Molly,Serrano,crawfordtammy@andersen-norton.org,716-170-5243x980,"959 Fitzgerald Walks, Michellehaven, VT 72316",Sharonville,Michigan,42807,2024-05-31,4
335,Dalton,Moran,zcuevas@wang.com,+1-253-300-8452x53162,"4417 Ramirez Manor Suite 167, Tiffanyshire, MS 98183",South Brandonborough,Oregon,06683,2023-07-05,20
336,Eugene,Jackson,nicholasfreeman@robinson.com,(220)813-8216x107,"0103 Steve Square, North Darrylmouth, SC 86027",North Kara,South Carolina,24928,2023-09-02,8
337,Taylor,Stokes,josephsherman@hotmail.com,569.876.7715x1459,"414 Tyler Prairie Apt. 924, Kimberlymouth, OR 80165",North Beth,Oklahoma,14070,2025-01-06,20
338,Ian,Watson,jason54@hobbs.com,686-744-4782,"027 Andrea Hollow Suite 663, East Tammy, NJ 49102",South Toddbury,Colorado,09882,2022-01-07,15
339,Christopher,Washington,davisjennifer@munoz.com,(325)565-3651x7669,"107 Shannon Avenue, Sharonfurt, NH 46106",Taylorberg,Alaska,89978,2022-05-24,11
340,Sally,Patterson,dawsonpaula@hill.com,(254)358-7591x0680,"45394 Edward Plains Suite 327, Jonesville, KY 24852",Herreraberg,Illinois,57921,2022-05-25,7
341,Tammy,Powell,badams@chandler-phillips.net,355-774-3685x79720,"9880 Brian Mount, Mcconnellhaven, MS 83865",East Craigport,Wyoming,49361,2024-02-06,4
342,Andrew,Lawrence,fmorrison@gmail.com,491-741-8375x04039,"5441 Tammy Islands, Robertville, NV 92067",Lake Dennisbury,Colorado,95795,2023-01-12,8
343,Noah,Willis,lmckinney@riley-singh.com,202.445.3077,"7972 Weiss Mill Apt. 118, East Jessica, DC 24189",Heathside,Delaware,59613,2023-04-20,16
344,Alex,Hull,willismckenzie@hotmail.com,7916058683,"Unit 4867 Box 5089, DPO AP 17168",Bethanymouth,Connecticut,73868,2024-12-04,16
345,Deborah,Ramos,jgarcia@aguilar.com,4770640142,"7006 Andrew Courts, Stevenview, ME 35216",North Elizabethview,Florida,53077,2023-08-23,11
346,Stephanie,West,kingisaiah@yahoo.com,+1-942-004-8427x2119,"USCGC Pope, FPO AE 93760",Foxfurt,Idaho,35603,2024-11-09,12
347,Teresa,Riley,ehunt@yahoo.com,+1-177-440-4477x170,"1024 Jeff Track, Dunlapborough, AR 37494",West Joyce,Utah,38880,2022-07-04,19
348,Morgan,Ramos,wayne07@cross.org,001-266-189-1833x18745,"424 Nicole Extensions, Jaredside, HI 94420",Robinview,Massachusetts,09662,2024-06-01,6
349,Kelly,Kramer,kdavis@hotmail.com,+1-663-312-4796x2329,"472 Sharon Lake Apt. 026, Lake John, AK 55332",Lake Katrinafort,Alaska,58562,2022-10-01,5
350,Kayla,White,alexisdonaldson@gmail.com,238.568.5607,"925 Wendy Plains, New Kaitlin, CA 81432",Port Marcus,Illinois,95822,2023-08-03,4
351,Darren,Olson,jenkinskenneth@yahoo.com,144-402-2311,"Unit 5837 Box 6389, DPO AE 85015",Ronaldfurt,Delaware,90583,2022-02-20,11
352,Emily,Parsons,wzamora@anderson.com,(842)405-0982x5942,"USCGC Patel, FPO AA 30527",Lake Jose,Wyoming,64518,2024-10-03,14
353,Jennifer,Goodman,troy29@yahoo.com,238-106-5174x260,"85592 Norman Turnpike Suite 480, Jefferyview, VT 83262",Cuevasfurt,Minnesota,61891,2024-11-24,2
354,Michael,Buck,campbellbethany@gilmore.org,(346)651-4225x48202,"00060 Donald Mall, East Johnbury, AL 18894",East Zoeton,New York,83083,2024-10-01,17
355,Raymond,Harrison,christine71@hotmail.com,001-555-308-2617,"362 Amanda Landing, Lowestad, CO 57617",East Brendafurt,South Carolina,96904,2023-05-25,3
356,Erik,Ayala,charlesortega@gmail.com,309.698.2407x180,"5399 Dana Creek Apt. 524, Nathanielmouth, AZ 84120",West Terrence,Maine,56255,2024-08-28,11
357,David,Curtis,elee@lambert.org,401.844.1182x76841,"3134 Cody Road, Lake Donnaport, LA 40999",Gainesborough,Wyoming,90703,2024-11-17,5
358,Jennifer,Goodman,natasha58@hotmail.com,(300)555-8064,"736 Danielle Lake Apt. 509, South Megan, FL 33431",North Robert,Tennessee,57097,2022-05-27,8
359,John,Waters,kathleen62@combs.net,+1-823-099-0288,"81980 Gray Forest, Port Jameschester, CA 15808",South Jonathan,Kansas,87726,2022-05-07,16
360,Lisa,Gonzalez,tiffany95@yahoo.com,385.212.2006x221,"PSC 0468, Box 9809, APO AP 72365",Ryanhaven,California,71844,2024-12-07,20
361,Gavin,Jensen,villanuevathomas@hotmail.com,667.337.6741x72215,"6250 Ryan Trafficway Apt. 727, Trevorburgh, TX 41926",West Jeremy,Iowa,48904,2022-04-23,18
362,Taylor,Brooks,shawn10@hall.com,2403467714,"821 Robert Lock Suite 933, West Edwardview, VA 87152",Lake Carolmouth,North Dakota,83283,2024-03-30,9
363,Joshua,Gonzalez,lambertandrea@yahoo.com,001-802-220-9340x82544,"Unit 7185 Box 3665, DPO AA 05557",Georgeborough,Delaware,63820,2024-05-23,20
364,Robert,Kennedy,amber73@gmail.com,001-743-305-1713x4462,"4287 Price Rapid Suite 403, West Stacytown, MS 14183",Michaelland,Indiana,40611,2022-04-22,2
365,William,Boyd,obrown@hubbard.org,001-537-881-5499,"41578 Brown Spur Apt. 451, Austinmouth, MA 27277",East Jamie,Washington,59206,2024-05-28,5
366,Gabrielle,Lopez,noblerobert@gmail.com,001-145-347-4868x23895,"4852 Thomas Crescent, West Anne, AR 44879",Lake Rebeccafurt,North Carolina,10129,2024-05-25,4
367,Isaiah,Sanders,elliskenneth@russell.info,990.380.3972x7009,"515 Tyler Squares, Webbshire, IA 77858",New Brenda,Alabama,59824,2023-08-25,11
368,Erica,Hess,reynoldsjerry@bryant.net,385-237-7364x978,"4354 Hunter Mall Suite 954, Landryberg, WA 65717",Matthewmouth,Idaho,39210,2024-02-09,17
369,Sophia,Parker,sophiajackson@martin.info,(119)784-2570x06822,"194 Walker Station Apt. 165, Harristown, NY 07205",Glovermouth,Florida,90579,2024-02-05,10
370,Karen,Cruz,ronald14@smith.org,8340383585,"3534 Saunders Neck, Pamelabury, VT 02297",New Josephton,Montana,53417,2024-08-08,9
371,Elaine,Valdez,nancy19@yahoo.com,(391)936-3080,"883 Wagner Square, Loweryborough, IA 74509",East Scott,Pennsylvania,71779,2024-12-20,19
372,Eric,Brewer,talvarez@olson-davis.com,+1-891-220-3756x001,"99789 Fitzgerald Fork Suite 758, Davisside, MS 15221",Hinesville,Kansas,63065,2023-02-11,14
373,Brian,Edwards,kimberly64@harper.com,(717)647-5053,"USCGC Pennington, FPO AP 75861",Morganberg,Maine,16675,2022-01-11,11
374,Ariana,Newman,joseph91@paul.net,052-890-0014x06908,"7687 Jacob Cape Apt. 039, Travisport, NH 48093",Ginaland,Utah,20157,2024-11-08,12
375,Kevin,Norris,nreed@yahoo.com,(021)960-6580,"3487 Jay Trail, South Brian, ND 20364",Nancyland,Florida,36705,2022-12-04,15
376,Linda,Prince,craiglisa@yahoo.com,+1-738-361-1625x1406,"USCGC Smith, FPO AA 73107",North Tyler,South Dakota,99828,2023-07-12,20
377,Toni,Arroyo,stephanieturner@gmail.com,466.435.4341,"57766 Joan Parkways Suite 363, West Crystalburgh, ID 51511",Port Ethanview,New Jersey,07553,2023-06-24,15
378,Brandon,Anderson,ruth26@johnson.org,9220804589,"1564 Heather Trace, Brandonview, CA 12006",Port Donnaside,Utah,65279,2022-05-09,4
379,James,Nguyen,evan86@gmail.com,+1-993-911-5128,"163 James Squares Suite 560, Joshuastad, CT 38623",West Christinafort,Florida,55634,2023-07-02,10
380,Anthony,Mays,alexanderwilliam@barajas.biz,052.315.2886,"PSC 0988, Box 4844, APO AE 28849",New Jacobhaven,Virginia,92911,2023-08-17,17
381,Lisa,Floyd,shannonmullen@gmail.com,555-009-7489x6736,"USNV Paul, FPO AA 30362",Susanhaven,Vermont,97068,2024-04-10,20
382,Kevin,Mcneil,shelby41@hotmail.com,988.598.9100x58387,"252 Dunlap Spring, Hectorbury, ID 42878",East Walterfort,New York,36967,2024-11-05,16
383,Lindsay,Ford,floreschristopher@yahoo.com,125-194-9624,"PSC 2846, Box 8711, APO AA 76779",East Jayside,Wisconsin,62312,2024-07-18,4
384,Laura,Barnes,xthompson@yahoo.com,373-757-2309x1171,"095 Adriana Landing Suite 635, Collierview, AR 23413",Timothyton,Utah,21244,2023-06-15,20
385,Steven,Mosley,sharpvanessa@hotmail.com,052-899-1575x297,"7457 Ruiz Glen Apt. 575, Browntown, PA 50408",Jenniferville,Texas,76035,2024-09-26,2
386,Brandon,Day,lisa39@moore-romero.com,(296)875-0879x0071,"USCGC Arnold, FPO AP 13940",Patelmouth,Kansas,43882,2022-07-18,18
387,Alyssa,Simpson,owu@robinson-tanner.com,+1-242-857-8449x069,"77637 William Meadow, West Gregoryport, RI 37873",Wiseburgh,New Mexico,34429,2024-02-22,15
388,Keith,Gonzalez,jessicanguyen@crane.com,388.152.2842x7999,"239 Foster Throughway, West Alexanderbury, NY 19651",New Kimberlyfurt,Massachusetts,29006,2022-02-22,4
389,Kyle,Mason,sarahgonzalez@hughes.biz,001-637-789-1234,"4028 Lisa Glen Apt. 074, South Catherinetown, DC 98797",North Susanstad,Montana,95835,2024-07-11,5
390,Austin,Sanchez,michaelmckee@yahoo.com,001-122-511-5444x01091,"18159 Smith Extension, Chadborough, MS 81217",West Eric,Wyoming,16974,2022-01-18,9
391,Jessica,Jackson,xmiles@yahoo.com,(728)443-3361,"6291 Christina Trail Apt. 431, Bethanyside, OR 14981",Elliottfort,New Mexico,72715,2023-03-21,17
392,William,Martinez,stephanie52@hotmail.com,357-328-5464,"98157 Ho Orchard, North Rachel, MT 70087",Parrishberg,California,42901,2022-03-01,5
393,Ashley,Abbott,stacy38@hardy.net,497-540-2530x21815,"43549 Edgar Isle Apt. 443, South Carolyn, NV 04817",Galvanburgh,Maryland,74755,2024-02-09,4
394,Mark,Young,rogersnicole@yahoo.com,823-486-1116,"341 Prince Crest Suite 662, Costamouth, NM 04906",Lake Jasmineton,Nebraska,84192,2023-04-06,1
395,Alexander,Kaufman,justinlong@yahoo.com,+1-673-941-4276x853,"2050 Dean Freeway, West Jose, WY 36241",Carlosstad,North Dakota,16055,2024-12-15,10
396,Glen,Butler,donald12@crane-davis.com,001-251-563-4311,"PSC 0496, Box 7881, APO AP 85027",North Larry,New York,35931,2023-02-25,17
397,Sheryl,Bishop,nicholasjohnson@hotmail.com,001-937-164-1432,"39615 Scott Road, Lake Thomas, IN 51878",Port Daniel,Minnesota,58267,2024-11-27,3
398,Timothy,Randolph,joseph21@hotmail.com,(996)096-7815x597,"91334 Bryan Rapid, West Jasonmouth, WV 76925",Leslieland,Oklahoma,43715,2024-10-01,19
399,Jennifer,Higgins,xbryant@oconnell.net,+1-770-053-7532x3894,"518 Jackson Fork, New Jillburgh, MT 42911",Erinville,New York,09311,2022-11-03,9
400,Taylor,Perez,joseph37@collins.net,646.167.3421x4505,"42882 David Highway, New Jonathanfurt, WI 60683",Shanebury,Massachusetts,59469,2024-01-19,15
401,Mark,Houston,patriciapennington@brown.com,+1-670-073-3716x94109,"12876 Brian Squares Suite 847, New Rebecca, UT 70840",Alishaborough,New Mexico,90148,2024-12-09,17
402,Amanda,Williams,hillmatthew@hayes.com,566-437-8028,"429 Hamilton Spring, Annaborough, TX 61143",Rhodesborough,South Carolina,91980,2024-07-22,8
403,Valerie,Taylor,brandon23@yahoo.com,447-992-4462,"311 Ryan Circle Suite 561, Calvinchester, AZ 61159",Lake Rogerburgh,New Jersey,18384,2022-01-17,8
404,Lisa,Martinez,tbeck@yahoo.com,270.062.1719x74654,"4625 Patricia Drive Apt. 457, Roseside, WI 95947",Johnsonchester,Nebraska,28702,2022-06-17,1
405,David,Reed,brookecarson@gmail.com,7161859403,"34960 Jessica Vista, West Kendrahaven, OH 20501",Jayland,Kentucky,55301,2022-11-04,4
406,Robert,Lewis,colleenvega@reid.org,604-058-7318x350,"789 Howard Fort Apt. 741, Kingmouth, AZ 92486",New Dawn,Missouri,91535,2024-02-07,14
407,Samantha,Mendoza,jasongarcia@hotmail.com,107.276.1436x813,"07689 Adams Plains Apt. 425, Davidview, LA 61564",Martineztown,New Jersey,07054,2023-04-14,13
408,Clifford,Walsh,jeromelang@hotmail.com,237.882.9926,"2255 Kristina Alley, Port Guy, OH 36587",West Brandonmouth,New Hampshire,60476,2023-08-23,6
409,Grace,Stewart,stephen17@evans.com,434.602.6838x446,"4891 Obrien Walks, Rioschester, CO 45277",Morgantown,Virginia,37930,2023-11-24,12
410,Vanessa,Davis,griffinwilliam@yahoo.com,001-255-242-8121x03903,"8668 Jessica Trail, Lake Lisa, RI 83896",Lake Jonathonborough,Alaska,80778,2024-03-23,16
411,Anne,Scott,michaelsteele@hall.com,+1-527-255-2499x26928,"9889 David Forks Apt. 215, New Carol, CA 71246",Port Sophiaborough,Arizona,13860,2022-06-16,12
412,William,Knight,wmayo@campbell.com,674.954.2360,"81621 Pena Crossroad Suite 760, Gilbertshire, WV 50232",Reneeside,South Dakota,97054,2023-06-17,4
413,Joe,Vang,swalsh@gmail.com,+1-942-638-7856,"4191 Elizabeth Pine, Port Crystalshire, ME 31395",Christophershire,West Virginia,12233,2024-07-05,11
414,Gregory,Hayes,powerspatricia@fuentes.com,(819)348-4525,"22852 Holloway Forest, West Johnberg, MT 97181",Port Alejandra,Maryland,64029,2022-03-29,5
415,Nicole,Olson,cthomas@yahoo.com,+1-662-874-1357x4460,"02847 Kerr Streets Suite 005, Brittanyport, SC 52704",Contrerasfort,Arkansas,94585,2023-10-15,1
416,Alyssa,Newman,karinawood@gmail.com,439.856.7603x5086,"7440 Jones Corners, North Richardhaven, RI 35423",Brownview,California,10113,2022-02-09,7
417,Alison,Mccormick,amandagray@yahoo.com,272.950.0785,"87727 Wanda Island, Johnsonshire, LA 37208",New Christinaborough,Pennsylvania,54646,2023-07-28,17
418,Carol,Schwartz,dennis37@hotmail.com,(903)198-9004,"7869 Abigail Isle Suite 898, Veronicastad, CA 97028",North Alyssaberg,Alabama,61101,2023-11-16,7
419,Molly,White,shannon90@oliver.com,539.476.5498x973,"096 Williams Knoll Suite 629, South Parkerport, WY 90096",Davisfurt,Maine,68428,2024-03-01,1
420,Jonathan,Fitzgerald,lisa93@hooper-miller.info,261.352.8523,"13354 Christopher Shores Apt. 102, Hartfort, AK 68897",Tammyberg,Indiana,93983,2023-04-26,14
421,Jennifer,Richardson,michael42@yahoo.com,(054)580-9409x4209,"2223 Johns Stravenue, Lake William, NJ 57800",West Timothytown,Minnesota,35417,2023-02-22,2
422,Natalie,Mathews,dkeith@yahoo.com,+1-245-051-7012x5395,"PSC 2682, Box 6607, APO AE 43047",Georgebury,Pennsylvania,89602,2023-05-05,10
423,Heather,Thomas,jeremy82@prince.net,100.046.4450,"9623 Murphy Walk Suite 434, North Carolyn, AZ 48344",Carlabury,North Carolina,60638,2023-02-21,6
424,Shawn,Fuentes,davismark@flores-anderson.com,330.001.7921x67984,"56592 Wanda Stream, South Joseph, WV 92566",Morrisshire,Colorado,67505,2022-05-04,18
425,Joshua,Rogers,leedavid@hotmail.com,+1-157-065-1521x60299,"88663 David Ville, Williamsside, NM 99434",South Matthewland,Wyoming,05610,2024-12-04,12
426,Angela,Warren,annaholmes@gmail.com,020-931-8383,"88731 Mary Locks, Johnnyburgh, RI 87625",Joshuaview,Connecticut,21415,2022-11-15,8
427,Jessica,Barrett,samuelpatterson@rodriguez-pitts.com,001-155-329-2161x19362,"97904 Daniel Mountain, Reyesmouth, ME 73633",North Wayneview,Idaho,84370,2023-04-27,17
428,David,Miller,wparsons@gmail.com,+1-380-547-1345x01510,"65328 Williamson Summit Apt. 110, South Rachel, MI 61094",West Paulabury,Mississippi,80816,2022-02-23,20
429,Dawn,Wang,kevin89@young.com,001-293-127-2346x1581,"2902 Porter Valleys Apt. 082, North Danielle, UT 82502",Whiteborough,North Dakota,80805,2022-10-28,19
430,Courtney,Rowe,bryanreyes@hotmail.com,147-486-4662x87998,"36428 Gomez Route, Port Ashleyport, RI 08164",West Alan,Indiana,92665,2023-08-14,3
431,Benjamin,Oliver,yvillarreal@payne-walker.com,(378)770-3885x5912,"USNV Holland, FPO AA 54942",Tiffanytown,Pennsylvania,52226,2023-07-29,7
432,Brittany,Cooper,eford@kim.com,+1-009-046-0576x65613,"92472 Estrada Shoals Suite 501, Olsonfort, CO 13188",Georgeside,Connecticut,98737,2023-08-14,1
433,Carol,Ellis,zamorastephen@crawford.com,5563171270,"246 Cody Knoll, North Justinview, OH 59856",Edwardsfort,New York,25047,2023-03-21,8
434,Grace,Holt,matthew18@carter-livingston.biz,200.413.0204x1714,"81676 Charles Hill, Cruzville, VA 26787",West April,Wisconsin,01713,2023-03-20,6
435,David,Harper,imartinez@smith.biz,664-226-7632,"124 Jeffrey Ford Apt. 566, South Richard, MI 97375",West Michelle,Illinois,75216,2023-09-13,2
436,Pamela,Kim,angela07@hotmail.com,310.263.3752,"48695 Miller Glens, Lake Gavin, MI 58677",North Heather,Florida,61006,2024-03-09,10
437,Andrea,Moore,dyerelizabeth@matthews.net,(002)855-6407x674,"993 Oconnor Wall, Mezafort, UT 13981",Robinsonshire,Ohio,33661,2023-04-27,4
438,Wendy,Quinn,qfarrell@hotmail.com,528.826.8038x364,"89612 Baker Points, Samueltown, NY 48699",Abbottmouth,North Dakota,83403,2022-09-27,10
439,Richard,Hall,norma11@johnson.com,994-074-1857,"3078 Kevin Spring Suite 486, Simsstad, HI 48218",New Melissaberg,Utah,60609,2024-05-12,9
440,Samuel,Clark,miguelkirby@gallagher.com,3921621973,"93418 Evans Drive, East David, MO 54172",Campbellport,Connecticut,65090,2024-04-05,7
441,Michael,Gould,lvaldez@bennett.org,8329259847,"679 Mary Way Suite 726, South Paulfurt, WI 05880",Port Michaelfort,North Carolina,77974,2024-01-18,6
442,Sarah,Kirk,brianrowland@moore.org,476.489.2020,"0254 Morton Green, Andrewsview, HI 47235",West Phillip,New York,48864,2023-11-18,3
443,Ann,Roberts,melissa28@gmail.com,001-456-965-4807x1729,"710 Jacob Motorway, Martinezborough, MD 42506",Hughesview,Vermont,63954,2022-04-25,6
444,Zachary,Jimenez,jennifercrawford@stevenson-pineda.com,723-298-1896,"388 Renee Ferry, Lake Cheyenneview, FL 15526",Joshuaborough,Iowa,14542,2023-05-02,17
445,Jeremy,Scott,osandoval@yahoo.com,+1-380-702-7164x244,"2855 Jones Alley Suite 486, North Corybury, WV 98241",Lake Mistyview,New York,18528,2022-11-04,5
446,James,Ferguson,tonyhamilton@hotmail.com,001-875-344-8947,"4358 Veronica Route Apt. 220, Lisastad, VA 56922",Buchananchester,Idaho,15671,2022-02-17,8
447,Elizabeth,Ward,nhernandez@moore-williams.com,995-499-0811x7450,"5421 Daniel Street Suite 764, North Angel, MA 21749",Joshuaview,Connecticut,13601,2024-11-28,16
448,Karen,Valdez,marylove@gmail.com,414.076.5663,"5267 Cochran Pass, Port Brandistad, WV 33927",New Kevinhaven,New Hampshire,96432,2022-09-14,5
449,Nicole,Williams,achambers@hotmail.com,001-424-637-8442x53857,"USCGC Rodriguez, FPO AP 86612",Port Seanbury,Florida,76883,2022-08-05,16
450,Margaret,Hughes,kimberlyharris@miller.net,707.712.9776x4680,"92631 Graham Valley, Gutierrezport, IL 03353",South Jake,Minnesota,62237,2024-03-28,1
451,Megan,Long,dianerodriguez@schneider.com,+1-451-876-3910x7749,"7062 Maureen Cove, Jasonshire, NM 84787",Carterberg,Oregon,18103,2023-07-06,5
452,Bryan,Choi,eburns@yahoo.com,954-231-7055x7329,"219 Eric Extension Suite 258, Port Amy, NJ 36754",West Rachel,Vermont,73908,2023-02-06,5
453,Jennifer,Barnes,lisafarley@wiggins.biz,769.014.2953x397,"9412 White Green Suite 726, Port Robertville, WA 75592",Shermanfort,Iowa,98602,2023-10-04,18
454,Mallory,Wilson,matthew19@hotmail.com,+1-142-931-6453,"20698 Mitchell Mount, Jonesfort, PA 86107",West Gracetown,Wisconsin,48291,2023-10-30,6
455,Katelyn,Smith,stephanienelson@gmail.com,+1-959-552-6894,"70111 Gonzalez Row, West Christopherfort, SC 31945",South Rhondaland,Iowa,84650,2023-10-26,15
456,Zachary,Thomas,geoffrey34@diaz.com,058-727-5236x3566,"81878 Shelly Port, Martinbury, CO 37843",Nelsonport,New Jersey,60104,2024-10-15,14
457,Kristina,Cook,esoto@smith.com,001-106-999-9095x34410,"3898 Terry Orchard, Allenburgh, DE 75776",Nicholasborough,Wyoming,35992,2024-01-21,8
458,Paula,Rogers,xhernandez@wise.info,001-739-346-8109x60797,"040 Tiffany Burg, South Derrick, WV 54644",West Nathaniel,New Jersey,25695,2023-08-30,11
459,Jared,Gomez,kwhite@sandoval-alexander.net,849.188.9774x1649,"5763 Andrea Greens, Port Joe, FL 91588",Katherineborough,Oklahoma,98010,2023-03-24,13
460,Anita,Barrera,emiller@beck-rivera.com,421-122-9885x83530,"112 Carter Key Suite 390, Hortonburgh, DE 36703",East Barbaraview,South Carolina,75121,2024-07-02,19
461,Lee,Baker,jessicamckenzie@cunningham.com,3881356030,"753 Solis Pine Apt. 176, Lake Hannahmouth, NE 70338",Colechester,Illinois,51868,2022-11-03,1
462,Jared,Jackson,emarshall@hotmail.com,+1-356-926-2432x16025,"1158 Erickson Key Apt. 834, Lake Rebecca, SD 86408",Miguelland,Illinois,75639,2024-04-23,2
463,Christy,Graham,dalton62@thompson-fischer.biz,284-808-0718,"71952 Kim Lodge, Lake Loriside, RI 53430",Lake Victoria,New Mexico,39093,2024-05-02,14
464,Ashley,Schmidt,shane35@gmail.com,(983)310-4036,"Unit 0821 Box 8617, DPO AP 30266",Pattersonmouth,Michigan,22182,2024-11-18,1
465,Thomas,Lee,brandon41@hotmail.com,474-096-8013x126,"3547 Gina Overpass, New Katherineside, NJ 92207",Haydenmouth,New Mexico,02858,2024-05-23,20
466,David,Washington,rodneydavis@yahoo.com,747-233-1955,"84826 James Ford, Thomasshire, WV 75792",Paulmouth,Rhode Island,20524,2024-10-23,1
467,Judy,Anderson,patrickburnett@sherman-poole.org,694.370.6665x9711,"3520 Jenna Oval, Johnberg, MA 49421",Wrightchester,Tennessee,14787,2022-02-15,19
468,Jessica,Martinez,jasonhernandez@kelley.org,730-614-5911x95258,"9312 Burgess Villages, Jessicaport, TX 91975",North Tiffanyland,Virginia,29169,2022-10-09,9
469,Laura,Ramos,bpeterson@gmail.com,+1-786-746-9504x3897,"56607 Joe Street Suite 974, Molinaville, NM 28070",Sarahmouth,Montana,58609,2023-02-23,5
470,Melissa,Lee,david93@hodge.com,367.820.6124,"PSC 5205, Box 3314, APO AA 16109",South Kristenville,North Carolina,97163,2022-09-12,18
471,Laurie,Anthony,abaker@stevens.net,553.118.1459x98339,"3966 Haynes Trail Apt. 432, Mooreview, MI 56685",Chaseberg,Texas,84515,2024-09-08,14
472,Julie,Villarreal,michael56@black.com,9780320356,"728 Evans Cliff, Timothyville, TN 62295",Lake Daniel,Idaho,55274,2024-10-21,4
473,Aimee,Mann,william77@pruitt.com,217.360.5046x9588,"0308 Evan Plains, South Tina, TX 13239",Meganburgh,Missouri,71507,2022-11-22,19
474,Corey,Campbell,timothyhess@yahoo.com,056.461.8220x81641,"20118 Hernandez Green, Santanamouth, NJ 01792",East Jennaborough,Utah,27500,2024-12-23,17
475,Lauren,Porter,ojames@gmail.com,001-607-611-5599x77910,"92146 Kim Terrace Apt. 560, South Carolyn, NV 99332",Morenoton,Connecticut,22928,2024-06-14,3
476,Joseph,Hoover,tracey50@martinez.com,682-389-3878x916,"USS Walsh, FPO AE 60034",South Amber,Alaska,70388,2022-01-30,14
477,Jessica,Anderson,sabrina48@hotmail.com,108-605-3121,"36580 Craig Isle, East Jasmine, CA 28761",Port Jamie,Colorado,12329,2024-03-13,17
478,Christopher,French,sarahmiller@gonzales.info,(817)127-1044x991,"9127 Christina Point Suite 655, New Stevenville, MO 08091",Cynthiaborough,New Mexico,93951,2024-04-13,15
479,Jorge,Jacobs,bdaniels@garcia-floyd.net,1699104684,"54420 Jason Viaduct, Mariafurt, AK 98286",Conleyberg,New York,97654,2022-06-04,18
480,Raymond,Jones,sbarker@yahoo.com,+1-314-494-3230x7024,"11193 Pratt Center Suite 053, Oconnorfort, IN 31247",East Christine,North Carolina,79173,2024-08-06,18
481,Sheila,Huff,tracy02@glass.com,306-204-9332,"142 Avery Club Suite 709, South Amy, NV 80682",New Theodoreland,Oklahoma,32626,2024-02-13,7
482,Laura,Johnson,sandersjasmine@hotmail.com,+1-093-390-0573x2174,"922 Charles Dam, Ashleefurt, DC 32158",West Paul,New Jersey,30898,2023-04-15,12
483,Timothy,Smith,andrewchaney@thomas.com,299-570-8881,"1991 Reed Burgs Suite 886, South Justinbury, MT 03199",New Brandonside,Illinois,08530,2023-11-07,9
484,Kelly,Santiago,anthonyrojas@yahoo.com,+1-414-245-5034x98914,"93914 Garrett Canyon Suite 250, West Jamesport, PA 63988",Michaelchester,South Dakota,41144,2023-12-21,18
485,James,Davenport,lperez@morgan-moses.com,(085)535-0154x57321,"78401 Perkins Village Suite 503, East Tonymouth, WY 39959",Williamview,Maine,82261,2024-01-25,9
486,Katrina,Ramos,stephendavis@olson.info,8078863475,"2324 Carlos Track, Michealfurt, AK 40113",Marshland,Rhode Island,16257,2024-03-14,15
487,Jerome,Santiago,gary53@rosario.com,001-073-428-5811x17156,"7326 Sara Village, Joshualand, IN 06360",Brewerburgh,Rhode Island,37146,2023-02-23,16
488,Kayla,Carter,teresa79@gmail.com,001-711-894-9830x9659,"71901 Ronald Mount, New Erica, UT 55798",Lake Jesse,Arizona,77007,2022-07-19,6
489,Mary,Leach,ashleywashington@diaz-green.net,(533)777-3766x73492,"951 Stephen Mountain Suite 013, West Dale, MT 63509",Robertberg,Massachusetts,43396,2024-11-18,10
490,Abigail,Reyes,joseph35@gmail.com,001-280-547-0155x7781,"4900 Cervantes Hollow Apt. 511, Leahtown, NV 26502",Dominguezhaven,Nebraska,89199,2024-06-07,15
491,Heather,Sanders,jamesrodriguez@yahoo.com,387.760.9517,"92845 Edwards Overpass Suite 062, Jonathonfurt, AL 46014",East Regina,Illinois,70796,2022-05-28,12
492,Marie,Salinas,rodneypatrick@sullivan-leonard.com,001-563-548-0291x2580,"9962 Hicks Creek, Grahamview, AR 51310",Port Ashleystad,Nebraska,46246,2024-10-11,17
493,Erin,Garcia,dustin93@hotmail.com,001-371-697-8153x841,"7792 Armstrong Burgs Apt. 484, Stephaniechester, SD 66090",South Donna,Massachusetts,07277,2024-10-16,4
494,Kyle,Ortiz,diazrobin@murphy.net,3923733764,"020 Logan Pike Apt. 788, Lake Kevinberg, FL 77886",South Maurice,Alabama,27500,2023-09-22,13
495,Lynn,Long,toddcollins@yahoo.com,489.753.7617x4991,"4902 David Square Apt. 952, Vasquezside, SD 37501",North Lisahaven,South Carolina,97441,2024-11-08,3
496,Catherine,Obrien,zmyers@gmail.com,+1-387-500-4166x87908,"2505 Carmen Brook, South Ryanfort, AZ 57699",New Triciamouth,Pennsylvania,66451,2024-09-18,8
497,Jason,Bryant,krodriguez@higgins.net,+1-391-125-9515x870,"Unit 9722 Box 4050, DPO AE 64944",Port Angela,Rhode Island,79953,2023-12-13,1
498,Stephanie,Green,sdunn@brown.info,975-953-1714x44403,"193 David Spur Suite 393, New Phyllisstad, SD 24560",Lake Sarahshire,Oklahoma,42483,2022-01-22,15
499,Dylan,Lopez,victoria70@armstrong.com,001-336-405-2230x945,"602 Kathleen Isle, New James, GA 89394",Stricklandburgh,West Virginia,68083,2022-10-19,12
500,Richard,Carlson,higginscrystal@simpson.com,094.752.4384,"5937 Zachary Burgs, North Samantha, KY 83376",New Jamesfurt,Massachusetts,18767,2024-10-02,12
