plan_id,plan_name,plan_type,data_limit_gb,call_minutes,sms_limit,monthly_cost
1,Plan 1,Prepaid,58.69,2207,157,59.88
2,Plan 2,Prepaid,62.45,2737,176,48.4
3,Plan 3,Prepaid,89.16,2757,225,29.32
4,Plan 4,Prepaid,79.49,4027,100,19.44
5,Plan 5,Postpaid,80.84,3776,556,62.8
6,Plan 6,Postpaid,42.22,3856,129,49.45
7,Plan 7,Prepaid,92.26,776,339,61.24
8,Plan 8,Postpaid,63.22,2016,392,46.01
9,Plan 9,Postpaid,87.6,4290,487,41.14
10,Plan 10,Postpaid,74.65,3791,949,91.42
11,Plan 11,Postpaid,48.12,3354,574,42.41
12,Plan 12,Postpaid,81.49,2968,574,80.59
13,Plan 13,Prepaid,73.18,2979,680,77.61
14,Plan 14,Postpaid,79.98,4721,767,45.53
15,Plan 15,Prepaid,64.48,4412,468,37.08
16,Plan 16,Prepaid,17.26,3075,614,50.38
17,Plan 17,Postpaid,45.16,1397,635,13.67
18,Plan 18,Postpaid,53.17,1411,517,94
19,Plan 19,Postpaid,43.74,3243,433,94.98
20,Plan 20,Postpaid,68.37,937,220,94.2
