Call_Duration,Monthly_Bill,Data_Usage,Customer_Satisfaction
5.993428306022466,70.99033154879004,2.8144210896030226,2
4.72347139765763,63.869505243691535,4.460907461719966,3
6.295377076201385,50.89445554880261,0.6674414858390342,2
8.046059712816051,40.295948334416394,5.87241233741734,3
4.531693250553328,60.47334970420385,8.012511318422124,2
4.531726086101639,55.90228078132624,9.581163652710973,2
8.158425631014783,63.42789830041598,1.0006479480819317,5
6.534869458305818,59.52757702522954,2.589539863759528,5
4.061051228130096,65.74329072979003,8.94968899935823,4
6.085120087171929,41.97147182659148,4.28625644945958,3
4.0731646143750755,69.76091098451488,7.886800165066326,4
4.068540492859486,52.96399407038599,1.5723324237422305,1
5.483924543132068,81.12891308937898,12.33801055256022,2
1.1734395106844042,39.66218272865648,1.4510085663165353,2
1.5501643349739345,76.03945704747875,5.746381716342174,3
3.8754249415180544,52.96866175193972,5.856757682314203,2
2.9743377593311524,40.22872994578327,3.327379993911646,2
5.628494665190548,42.741712489185176,7.081145643054015,3
3.1839518489575784,45.1947903770852,7.224292851677634,4
2.175392597329417,56.36248919602875,6.679011632574686,2
7.931297537843108,57.84253232053249,3.276489004794298,2
4.548447399026928,41.394499940921314,2.763157049764331,2
5.1350564093758475,49.634681116085254,3.5764673622440775,2
2.1505036275730864,82.13405537917795,2.4432802690150677,2
3.9112345509496347,75.91314755151066,10.719693936792293,3
5.2218451794197325,56.54485504511048,3.8345500234704146,3
2.6980128451553944,50.570052172523006,5.625456766870453,3
5.751396036691344,51.80046990077392,8.924723825474251,2
3.79872262016239,59.20276959095625,2.3374180081575604,4
4.416612500413446,34.658111522023916,1.3890145777812966,2
3.796586775541206,46.139351938649824,2.4508859205253017,2
8.704556369017876,24.97123889183616,6.087391955219822,4
4.973005550524132,55.98834683907919,5.78787198293591,2
2.8845781420881993,59.707939095541114,6.669850304109027,2
6.645089824206378,42.75220306550939,4.61078394449706,4
2.5583127000579555,73.6098014493505,0.25388179118256193,2
5.4177271900095105,31.613515054964882,4.49776155309144,3
1.0806597522404489,28.034376796852698,9.748398233603673,1
2.343627902203139,53.36677727839958,11.47809758663841,3
5.393722471738247,65.70647453918232,5.351289518212704,2
6.476933159990821,75.25891537186803,5.803795114655918,1
5.342736562379941,43.1167360569659,7.784140661273528,3
4.768703435223519,66.18021250146944,11.26213361322365,2
4.3977926088214225,49.422372957489394,5.002045054612305,2
2.0429560192651453,47.41059050088771,7.708615996245248,1
3.5603115832105825,63.25489906230008,3.1565095213406877,2
4.078722458080425,59.78484317620129,1.6057826707016103,2
7.114244452437831,26.354117645236258,3.441996716204546,1
5.687236579136923,72.14810524588844,12.998770188437927,5
1.473919689274532,70.70137031221176,7.817671488665925,1
5.64816793878959,40.61655947735706,1.759139318412537,2
4.229835439167367,55.93705300156114,8.072245826327837,2
3.6461559993880828,57.41045279424108,1.8916078270724266,2
6.2233525776817356,53.910106487358604,6.604101981025481,5
7.061999044991902,41.7454226923187,2.25689398592923,2
6.862560238232398,39.92564948092922,1.6633077303169914,5
3.3215649535547227,49.61668893512832,14.441912301150522,2
4.381575248297571,67.59093528889048,3.8322019373783234,3
5.662526862807128,58.15400231891648,7.718858125844735,3
6.951090254244718,44.44078501870841,5.160159560527079,4
4.04165152430942,61.57548065972517,2.0362920388966534,3
4.628682046672366,7.27186069054887,4.1658660947988215,3
2.7873300519879436,67.23148550558156,2.053016570583308,2
2.6075867518386584,23.904293318328506,21.373373777050194,2
6.625051644788396,44.563385878953014,8.695933719345016,5
7.712480057141645,33.20495158060784,5.087515720955983,2
4.855979756839332,30.579777864186415,7.432417992315909,2
7.007065795784048,67.41240181067779,8.313940165359952,3
5.723272050095268,42.98448198032163,8.32919393506516,2
3.7097604907897512,55.197558225960734,8.084941212821501,5
5.722791211016828,49.29619131681224,7.660170017308161,3
8.076073132931938,57.15561240834682,5.4049533888924195,3
4.928347921780097,51.15232836590383,13.71868537136466,4
8.129287311628012,30.755116637171454,5.665647070861125,1
0.0,64.94400229170711,5.199688121544899,2
6.643805008750448,42.593651252580315,5.7018449843192895,2
5.174094136476342,26.651271520103734,6.005589382713778,2
4.401985299068265,43.578272585511314,1.0094936923575943,3
5.183521553071005,72.51139685951466,2.428707406415172,5
1.0248621707982144,62.753326131702394,4.610662832478835,2
4.560656224324976,44.77021798388211,0.9541741702702817,2
5.7142251430234925,44.76113443522357,5.081330050928975,5
7.955788089483033,45.17547423173926,5.947780445013215,2
3.9634595634527052,81.15121975341262,1.5351855834947565,2
3.3830127942136246,55.7290317834733,2.972590929420952,2
3.996485912830927,56.45062470786604,11.787586270132834,5
6.830804235404148,65.45425181047763,7.485875940737937,3
5.657502219319369,53.581837385397705,7.188473354504941,3
3.9404795924659224,46.11436781268945,10.84327909093285,4
6.026534866226712,47.05475226372533,2.4711676877792073,2
5.194155098696081,48.92598110878904,1.5397499813236966,2
6.937289981065779,49.44166645235238,9.881596914336019,4
3.5958938122452953,60.9144431545547,4.711573800253006,2
4.3446757068044635,50.77918828710949,2.4128370624984896,3
4.215783693735685,60.98960115823369,1.0005139019164206,5
2.072970103735763,48.78925129837126,5.750168917183654,3
5.592240554129152,51.17952785474136,4.299506124486703,3
5.522110544359778,20.026989732018386,3.739456429010799,4
5.010226913284922,63.74491512053722,0.3944911482493263,4
4.530825733249706,55.19732713846989,13.600715223515026,2
2.1692585158991715,64.97015164789478,1.2641930728963744,1
4.158709354469282,6.556169327094658,4.036731625572098,2
4.314570966946461,81.32562057171091,3.51498741680998,3
3.395445461556762,47.90615557767239,7.643398461332512,2
4.677428576667982,66.62274225106275,1.013203223531652,3
5.8081017136290765,34.401411093117034,7.012087226027653,2
8.77237180242106,59.191608575938545,5.771304852013117,3
5.349155625663678,34.198766552395156,2.8494071290207073,2
5.515100781445529,40.64346558956292,6.837482365621904,3
4.851108168467666,78.71047030800179,5.074526264638501,3
1.162457569401917,47.1397639885498,15.749467190608538,2
4.946972249101567,53.26149309769584,4.296478258519505,2
5.120460419882053,63.05101596033131,2.1352072747477004,3
9.926484224970572,57.43522831958907,7.0618629480116235,2
4.615278070437755,52.256283577153646,3.88289616119976,2
5.603094684667225,55.47441503699338,4.997256127081089,5
4.9305764605895135,86.05123377857413,1.552448387897237,3
2.662643924760936,49.13571804449622,7.725729764617696,5
7.285645629030041,53.016485700724516,3.391536145111304,2
6.503866065373549,65.75981594011418,6.102050826975814,2
6.582063894086094,66.58288899436975,18.33776234088546,4
3.181225090410522,67.8054545834057,4.102997914646607,3
7.805588621872198,59.580953330437765,8.471536996946847,3
2.1962978744154382,32.854926309042746,4.330451746709095,2
6.173714187600541,74.50147298451644,2.883106751997527,2
9.380911251619956,32.804819104719684,12.061769831279925,2
3.0189273497386235,54.5395319785855,0.6952065447262168,2
3.867404540794456,38.68586224970963,10.005188513244235,1
5.199302730175282,49.03792480110511,0.5930168007591461,1
3.9930486917676014,54.93143615455221,9.314951463149805,5
1.8986731378677346,54.8203582317541,5.055483324751612,2
5.137125949612055,56.32881131352927,2.1406960470981407,3
2.8753925725477902,74.20566903587971,3.583429629560629,4
5.9471848612703635,56.803014522709695,8.156956375244757,3
3.1611515315323935,46.33765047064027,17.225522664791868,2
8.09986881003508,64.46130752432536,1.0591541608525232,3
3.4334934153275256,67.8420573338696,2.2643487463647247,3
4.355876967588649,31.585882772945112,1.4148257958723442,3
6.62703443473934,58.96100104774787,4.30272423049357,3
2.5382713671320896,60.517591134663476,9.486354517563727,5
5.4549198692082586,45.53654744960012,1.222508983527,3
7.614285508564857,70.6356021996743,4.953325696924813,2
1.785033530877545,47.7491661945121,9.281509040388706,3
5.369267717064608,51.88364680207313,3.541025827750917,1
5.519765588496847,47.40392263574196,5.810780948328736,4
6.563645743554621,50.23368571372201,11.475748732284462,2
2.526098578243836,33.55587369657197,1.8932362192682235,2
2.3590867738314474,28.399236761085586,0.7906956820105704,4
6.0438831312337955,73.91757594837458,6.3429945130294705,3
5.5939693464663724,37.29557977522508,6.471041255736976,2
5.5009857006917535,35.129114758155396,3.340408786581514,2
5.692896418993952,17.699148295944276,2.8130224630282292,4
3.6399505568430186,40.41557378465747,5.133441560231339,2
5.464507394322007,30.153653098887524,1.8606026868675487,4
5.586144946597362,74.63022740204553,1.8634510293360202,1
3.571297163947264,65.1472563401395,8.119736710572171,3
8.731549022289514,39.67774482233414,1.7399828567624458,4
5.947665841823575,83.78653708016463,0.8519937776408961,2
2.617393005594703,64.72648230487391,2.808124964772407,2
6.313107217267659,45.12752924737066,3.4084210583839827,2
3.050636659545357,12.508914276896405,7.011544864490405,3
6.574169207484904,84.36413858886112,3.024511551819876,3
7.317191158014808,29.15641299854606,12.779619290889318,3
3.358635363296579,25.319018795646624,5.337768381913757,2
6.926752258488643,65.3385564801446,2.4774478044396235,2
5.825561853872997,86.59628609508908,6.801810215401616,1
6.64412031998898,70.76409227765777,12.629822465881198,2
8.793585965307894,58.45863680078539,7.965952789676596,3
4.509223767994259,58.92131512497929,1.1455784949297587,4
3.492527671285021,62.80123338170462,3.6554473488093198,3
3.2209711407489534,61.38392884680148,6.032969394525466,2
3.3683794300691234,54.21787135954064,7.737163441883418,5
4.845796581171792,51.56301655927814,4.323514389590765,3
5.682303949633288,49.06110308150716,3.8580494436400645,5
5.553381598660038,38.690531166999854,15.673550777221587,3
6.654366498072047,45.78987384699839,8.04798467143595,2
5.026003783755814,24.605647787069216,6.816982209474547,1
7.907068154314634,48.52490559807875,3.134429926914538,3
4.470686333524088,35.17113339273624,1.8348578806926266,2
10.440338333179238,33.44616024176344,6.902648846068995,2
6.251334695530012,52.698412267302174,8.664226280460461,3
3.285684887167435,70.880034295169,4.97835801261437,3
2.8582150038777754,63.774749090034696,8.062980679245358,3
5.96494483048637,26.442490945652345,8.206538703238818,2
4.553074429348298,35.15557795144494,9.062220869797983,2
6.428000988184184,64.11156781982324,1.124259286905334,3
5.94647524914709,35.26268909692536,3.740784784754138,5
4.854342174686255,46.63050275004463,7.200537481936017,3
3.30641256386319,58.25078148536828,5.195260694329777,5
1.9703055506282707,35.47483317704547,8.224284756560051,3
4.106970095865957,51.580632592189396,6.814060319248867,3
6.712797588646945,29.989617576226934,0.43766926977235887,2
5.4281874882604075,40.9794853407318,10.566665243432455,3
2.508522442576024,54.79672901213806,3.365306563987118,3
5.346361851702364,26.105093997024962,2.3475910855925726,3
5.770634759457674,56.607121069405984,10.33106898330687,2
3.2322851275977342,49.70543301609978,7.7905663856429515,3
5.307450211891056,58.28734931625722,11.315854854227421,2
5.116417436892,53.358712010969924,6.081605430184525,3
2.714059404338754,70.46210644960766,3.7018273803954282,2
5.715574720696567,51.87836753971861,5.576155130937584,4
6.121569052736469,43.558916883121206,1.9789920810057828,2
7.166102486350554,51.83446254548426,1.3778330110166082,1
7.1076041040698055,58.14947043554582,2.9374005537845136,2
2.244661264085818,50.732901054885566,13.60293422268297,3
3.124349920169754,50.608875368058236,3.1986943809823836,2
6.0300705344173195,39.47012468289867,0.8741442766509864,2
6.027571901824418,40.05648623673578,4.4201870909500665,3
6.030095372612096,28.960920923004597,3.1629254660113126,2
12.705462981309442,76.24365114780409,10.696323540210862,5
6.141781021386334,31.342051469130723,12.969733406925286,5
7.271131280361198,39.60642203306139,3.5635263070749184,3
6.908003526986405,39.22389101646204,6.077325611988418,2
6.302782502611596,63.42386565416662,6.453171921249873,3
4.369461510719309,45.57575482561958,4.81392739230757,1
6.517938440986535,68.716131090106,4.159693708617916,2
3.4543495709248564,39.897640636341976,2.20671916426202,2
4.526362786519982,54.18491243335703,0.7165770578947167,5
4.029272904341793,37.46979420110364,2.194891504862449,1
5.163748278772645,82.17723691660083,4.683758032624863,3
9.629317133347017,32.18602371455731,1.2248281558122305,3
1.2654696148165039,54.64731065340541,5.846469008180035,2
6.372520380749027,59.50665321398148,5.2734067985314255,1
1.7745682576206967,56.20698646177247,3.1675147119637437,5
4.056136268421133,47.220685116834375,4.019955392838853,3
7.177901193934732,48.05268950399861,1.4667499210939439,3
5.128560038190925,50.657172079686646,8.951159730708518,2
2.8445104441413878,47.79496997557267,8.846865860538955,2
3.5693925814800638,64.45818675192365,1.741000043317778,2
6.359195497869352,83.15784502387027,1.7907664541933015,1
3.5392667365657267,41.637623224882496,2.2218637407222563,2
5.43291717916395,29.452955306313832,7.454419406567585,4
5.091143679807628,48.67576927473118,6.438497744369856,2
3.6967993047883656,88.69564006481477,10.251989306899723,2
9.28788817865065,37.944881480454036,11.035443346651693,3
6.267838044636022,74.58675208166102,1.1054133785158242,3
0.9497148266847857,75.1655122111466,7.267862969521448,1
5.3729086295388555,41.69617637438008,10.741104740025989,3
3.676427070463224,58.534746187779135,3.814523014544388,2
6.704866669592448,74.42594934692806,4.909336491297151,1
3.4149585231345987,44.313083885187694,4.354672095777412,1
4.770527117066202,46.946294598464576,4.507898283414958,4
6.0099745579609145,41.274786290770344,8.93013269799036,2
6.731510388340243,34.778649039607,15.298085776972314,1
2.5994071858884475,40.26083682400989,12.485668180476518,2
4.330997528318103,31.64089599856615,3.294019257516942,4
4.050109377678088,50.51125202388839,6.0914814975144225,2
3.693341534852576,38.450401534120374,2.537339913158676,2
8.530908480562193,53.50678867686121,2.7740528335046806,1
5.809963421921911,26.66156530694559,4.744306431310224,2
2.4782320913299096,54.96320348321686,2.708625962435783,3
6.835723894109552,62.50293442413387,3.073128026956198,3
9.244312394025266,20.093965361428168,5.985705104477452,2
7.064930521102294,55.61084854771358,7.195695293838023,2
1.9612600680919732,68.41503488709938,7.0598934285071575,2
4.031531854267497,31.855384719631918,7.109958874510141,2
7.533822298373245,75.08858580256555,1.5751925405024578,1
3.5846610687624385,56.28528514049068,2.5881380709189656,3
5.887638856292456,39.424822163623865,5.148376583728508,5
6.5492681068586736,49.16346383513441,10.413225713853432,5
3.1461390568438343,58.374903687825835,20.879987450398755,4
4.8809492878764,51.14008087118617,6.271403760515744,3
0.0,58.08133988669554,8.347585683455323,3
2.9512247173314203,36.1898961038095,1.4010287666405783,2
4.494863697213679,52.54041236054117,8.192432360119973,3
2.504433636070301,28.794282546425297,17.36792536762892,2
8.26482260786327,48.33160907976949,2.579731633081182,2
2.1397172440787346,36.44138537802815,3.1593026924986987,3
4.119911026606032,38.9670508611535,9.122725229653186,2
5.2614811545721825,68.54139762815656,5.098974910290791,2
7.8825465781322315,66.36965180891403,0.6414262996723177,5
2.1282756976411212,59.137071813607655,3.322993194176718,1
7.326327504309919,33.61530852991132,12.9341781413294,2
5.020466122039174,45.25387325457797,3.9955331213000003,5
3.036982697904098,68.19646549968775,3.992874801719979,3
5.924206948526542,52.12575370459857,8.728278921849991,3
5.39811939114694,84.7899430997254,6.436032164641034,2
3.799566245682411,55.89976759091558,3.82348349475192,2
5.139604169980037,52.880736747350475,2.9839000433193448,4
4.22937280627648,45.363253036962476,27.326443585843368,3
5.227034690502496,52.00311357173423,11.535811457394972,3
6.324261349042093,47.712952454291845,7.108083819762374,1
8.172033632290704,60.621630150328855,7.433152911962127,1
2.524369002346302,64.35053475191876,4.529686574099981,5
9.266066749312532,38.21015809238076,6.380410642553477,2
1.0958244009549962,30.031505696633328,4.161753293806239,3
4.6964298099288335,22.456919403450552,2.3742917083254946,1
6.176634412969153,57.619869903688155,6.562564248851031,3
5.561983735470065,33.449500907391894,3.8813530271870316,5
3.7546009603588124,17.706641105712755,6.809879130699934,3
4.5837554992854495,55.82867906796446,7.737824275442934,2
4.013998130682334,87.39499276149186,7.067840915654324,3
3.821270486111577,49.9089363269016,2.2019002929282414,3
6.699204194042049,62.577361616774624,3.551483040480913,2
5.714030971930095,51.22744037821347,3.94198818679997,4
3.6141808094786914,48.51665520213286,9.81151215857631,3
6.799199750866501,63.786147244816526,9.467398925591075,4
5.614599041753219,45.64588183717023,2.724563188678986,3
6.62572423767792,54.010884711078546,1.5381132308834473,2
6.259257683847224,54.8254670929402,21.51754331793276,2
3.3420099781558554,39.978643195354266,6.8712855564434046,2
3.879637919606061,64.88063524304785,1.3373214030948763,5
6.494587210246523,47.37560364956887,3.1161048830464306,3
6.22074053086693,38.66382260760733,10.090730670936596,3
4.958196812071704,58.047647653556055,18.234069839145196,2
5.234654766617564,36.52298027313444,16.310404540369902,2
7.55532979157685,50.42271736053692,6.665858657197978,3
3.8168572223283403,49.86321505033695,5.013084678190774,2
6.094194762340075,66.28843348747367,2.01147855952581,2
4.595614695132212,57.12047349319929,5.339261386474456,3
4.56463759354556,49.624595618822845,2.272209562531793,1
7.19755370397438,62.266494488004305,3.5801288145437136,2
6.6508326979760595,70.8531132352597,9.116152933959834,2
6.627019272001277,58.36715459527793,4.14525369566063,2
7.610957614308658,50.15528929765071,3.9268471423006157,5
5.042007683265518,30.322456514747607,4.808067966958852,2
6.363905942589928,34.02329505386941,23.568129439995182,2
4.379466486813088,45.421629434679986,1.8115070855072226,2
5.648332704976884,40.85731696761076,6.1675591517045945,3
4.739713891264631,47.19543045521831,15.371965557280024,2
5.193991929985437,50.849748873456605,4.797073498301697,3
6.190314050873827,57.94539131535096,11.393641576193033,1
3.3635586335330547,48.94251832911363,1.433379501533128,1
9.184774551370921,57.297524657393026,4.254340735601127,2
2.987965237000596,50.9671162221518,2.497453351468109,4
2.5716227744245357,20.368001504691932,4.757983689332445,4
7.316221747000135,35.90996909271868,4.835972840439519,1
6.583325387925871,47.83868666417577,5.228104535690994,3
6.24823963410431,31.854578857383387,9.05835692660505,5
6.25669101852856,58.998930949943066,0.3700582302876218,2
4.975506454306171,72.96126248515546,2.999125005890609,4
3.2054912570283367,68.28142777545975,5.863750786505095,2
5.151609116387453,46.79835693604688,0.6848505288377174,5
3.6456765769757764,72.36089205274928,7.804657768136403,3
6.9502394668355025,52.23001185803167,2.9507815437497875,5
4.705885236995723,44.94371043322941,4.318845214543414,3
3.349005606414977,40.7989600468859,9.341180951942707,2
4.357228316694013,45.462954702678076,11.741210922200212,5
5.825862908551248,44.17734772188157,7.971617105676875,2
3.8725508943920506,52.55624333563232,1.7613550346239366,2
3.3555592088671373,52.40860971574797,7.696153901212657,3
5.487374422983825,50.04569030230122,8.060844278392047,3
5.4899331422174455,56.55407254619525,6.98837440105614,5
3.9861136492577405,67.85969412179512,13.023351538565166,2
4.057923388763355,64.24331203161985,5.331736734120722,3
5.464099874715273,27.726530473251447,12.693578397706029,3
2.1038313170053518,11.691182976470678,12.64255126241721,1
2.1850724512468895,64.01479866858911,8.219292990515884,2
3.563111557495128,29.496819523768682,6.23883431897079,2
4.573105696576306,46.62851897160975,7.016999710292514,2
5.621815131196009,32.448304609109606,14.896573585411115,5
7.950712433899104,22.970293436299706,10.404165257001715,3
6.7153192464040385,58.12194092307182,1.9724177111546553,3
4.680122940073145,61.387327404539704,6.704933823203913,5
4.961967584194622,41.35234398909921,2.3831958833583737,2
2.9949412707243823,11.134365617826354,2.875825948227383,4
4.96297372801522,41.806333276212754,3.6979270548728813,2
4.422682722159723,55.877060081038195,1.2928865522263746,4
5.645437120676179,27.81632646838807,2.2439182285162103,2
3.345538112895354,52.750398796687335,13.49420631500464,5
6.038693028482345,49.77035226240507,2.860463065237855,2
8.065477826005155,58.689372494016325,9.093479478834277,2
4.782479703086285,51.7937055262123,5.695496377752983,3
5.8034234441978825,35.40396588677667,7.463394394907473,2
6.380287983422225,67.94857252496737,7.688070354748798,3
4.197559056228328,47.62205640459545,2.1530211057730857,2
5.448184963620833,49.590431907351025,9.056879692588547,3
5.02518480156359,36.00098061390206,1.584425814755566,2
5.195352197097663,43.35076623212734,2.7577911190489237,1
3.4539804322890673,36.727959289596484,7.609903332958044,2
5.049020348517885,47.405809101148655,2.0227729995391153,2
5.9959965824909,75.67562720213516,0.6000358025776612,2
7.902287215590084,29.421482856029655,6.4801230005172545,2
6.918541652170414,25.796579031848882,1.0583820388099403,2
9.306364915023114,72.06755491240412,8.11850335009005,1
3.465304874223901,46.86014484272201,3.9190426464873336,3
6.744641273441356,39.963908920101254,6.413175425967998,4
5.366684011476703,65.59857031094114,6.327141147829955,2
9.379605866435345,40.91576690394704,8.54106319736164,3
3.383403429289697,77.39014570320404,7.76697302962511,3
3.3205563156384477,60.16888807008904,2.005601633424646,2
3.8012147091119557,42.68132887781446,4.113004163994545,3
0.7522085513803862,82.35962319898255,6.407699340716427,2
3.948489956638478,40.914276154949924,12.844868577754195,3
3.481734676892604,61.13143058013961,7.816955930459946,1
5.300787572952415,54.48938870609738,12.11499634411619,3
5.683511951554319,69.52611934098198,6.65270484404784,3
8.752341678431772,73.42266795090279,10.527346687738406,1
6.9008476763721,50.4800622359865,6.029056474070774,2
3.8461926886751936,38.69873194480725,10.23806106450581,5
3.203170657303284,56.89958214408675,3.7587354776923116,2
5.983838343013011,39.834269453718406,13.828228187956723,3
2.3595335859587157,80.20080871289935,7.196579087496967,5
8.662917531708707,52.04802996624106,1.3027532917748563,3
7.358880241442574,44.52017673031837,6.563342543095619,3
4.06164869579059,52.77020458797362,7.834905970363471,3
1.573730941818245,29.793105657054554,9.271825602676202,4
7.707744748330826,35.42578942234023,17.02941178590233,2
4.770920309494764,68.00620861916639,3.285897650835517,2
7.4756326239469235,40.14658581542906,17.103424878392065,2
1.8111446824112658,34.296335259770906,5.014326937854403,5
3.8012499540924543,58.049791287909294,2.640425213762203,3
5.010487399436366,67.78556231994496,3.3461029509316766,1
5.093961187529484,60.784299659976,7.5122121475426065,4
4.099869057041513,64.94071528708724,2.3079522985381153,2
6.2456998646949975,38.64807367145809,3.8110945984712044,1
2.8647591412348112,28.672839998872345,6.446516934496026,3
4.715241029957413,72.5200047793323,13.757739907671002,2
5.240591263423798,45.15980241736796,9.090310356275355,4
6.028877668117498,46.23750475317429,5.170432204892519,2
6.423229756177779,69.92291212773587,7.488149235243672,4
2.7507158163242615,58.343450141009896,5.994081660405914,3
1.9317716585287554,56.83831658122411,1.7357323821886166,1
7.555353643797018,82.47503517351626,15.346228013262298,5
5.6646280239591835,40.347226544297854,13.901663169598473,3
3.5030269268868928,63.917601921218555,4.719035750320873,2
8.102303951045046,50.855196873456265,3.4467967752750117,2
5.231349268585717,54.02888418294886,1.77504888844652,4
7.358594368127653,72.92702639618798,7.820301748265051,2
5.135036962820218,57.61753634434436,7.855937540491302,2
9.121495849763974,58.07444118574449,2.4870393333029917,2
8.510681684886409,66.08761005964703,6.045993902639529,2
4.502071703041853,44.52570905685672,8.897656949950758,3
6.943141901908711,37.4118549899149,3.2547221208739634,2
6.290751899170295,34.327862089684494,4.27703463436988,2
7.737263115064698,20.504651159359973,4.244337121249536,2
3.070153078839791,80.84310694910484,2.6300791923791644,2
6.372102919996879,33.451874514174754,4.346130281780317,5
7.116848973699176,46.68119564621342,1.0808019612114177,2
1.4825210271537714,45.84780050166619,4.072001153904213,5
2.63348297466845,54.61110046713651,4.121793240228614,2
0.9215356444797989,62.23605818808945,4.7645828200725004,2
4.461186331110884,62.90710232539618,7.096218243260678,4
6.435084511591924,41.25383842146592,1.6377995870601394,2
8.004714104192056,47.49317429320383,1.9526509619931933,3
5.14818956083955,54.2386992573245,2.5714204985614355,5
8.257231091142584,46.2696331072468,1.4726819589174822,1
2.2397970835702172,74.1101836402999,7.676731394753587,1
1.5932351212896907,57.36462427457377,3.1369233396162386,3
4.888904602206763,61.02316679074726,4.879222363630703,2
5.768130897878614,59.94321903001119,2.381318306928268,2
4.934610503811814,67.60210786227987,3.732490639335005,1
0.8651157999202468,52.7153233805556,6.259198957168702,1
4.821759920974423,30.547520780662303,6.480813497825607,3
2.3910609989902936,55.99531927628962,2.032321461738582,2
6.339345097660077,40.22964659312257,4.694289768390064,2
5.733196492193697,42.07074977375365,2.4178129747207064,3
3.1202404273452897,58.7954602813264,4.561264812625178,2
3.972266165326613,68.57424607150453,2.9203336129525233,1
2.881572956222097,50.319073651040924,15.985398528750505,3
4.874641805453656,54.63249518898446,8.862485403923525,1
6.910284641002477,75.53322416952857,6.685502640910602,3
3.0285479073289125,53.61129769232853,3.995798392312744,4
6.008093031035688,89.02524671270592,9.039532069520803,2
3.9394847632551184,58.482644684473165,4.7997722758996515,3
3.4142543354753117,23.588558612662734,14.929862529498493,2
4.785939280090885,61.30012431656799,9.664332255180526,2
2.929515355161252,55.71737577324167,3.7106145996223034,4
3.892701389305636,69.34629131124119,13.8242254697279,4
2.604244214822303,60.097720269049375,4.01213124545222,2
8.929450265832779,47.92316024024339,16.594618287717857,3
5.070527103943458,31.635526455659512,14.311020199234685,5
3.6005489840148286,46.86465114070962,6.234566148073239,5
5.427959821468444,37.2421931868605,1.1260234197084493,3
4.77534390061834,41.29214825292916,5.887436519771249,2
4.558060800933554,58.82867606630914,1.8405248622802663,2
6.22833340008685,75.0485675652711,2.995889583136294,5
6.51501542009461,55.920072947344714,3.1891536399936022,2
3.938997704778945,32.06175406947224,1.825526390346365,3
3.8483635187106398,56.66904002330211,5.903715011713469,2
4.449896605696712,67.94947229968477,2.7030733055653955,2
0.39615767052883033,40.85325643520927,4.159269217903793,2
1.9696178756028955,47.989742499906235,3.211902946100354,5
7.733748534889049,50.22032292093795,7.117933554871837,1
8.289935427002568,38.2265253037664,6.755360762748509,3
4.501927920887243,59.72420650765788,3.9000989660184664,1
6.153113926111533,48.18577777088328,7.370534089678049,2
5.622500309087072,56.292986658605415,11.429974110177334,2
11.157761616910475,36.6876173329685,0.4902816286492343,3
7.2391498228691535,43.438125495148846,3.060366299892414,2
4.744164817038467,60.83572036741657,2.1792794008071064,2
3.0889191187991485,44.4075027186235,2.8340013869354097,1
1.787107359484855,75.90445776850108,0.37600085960829893,2
5.406927271734446,44.005457215780964,0.4630693137565003,5
3.487298509431393,53.37027088627829,3.3035427197083136,5
2.1554925808046517,63.98886247809635,3.2262445438589684,2
3.7068542315149466,28.724514006004526,12.534803926842171,3
2.83690399277121,23.587867820288363,5.567282715940864,5
8.37428327014513,27.11515528144858,7.238153887641394,1
6.763279513898901,68.93876155140774,40.83069805354616,4
4.9840547173667655,41.7221278116133,15.095841177544493,5
7.959888277780052,88.37298928502378,4.825795082691675,1
5.154736615295237,41.53628602013917,3.530344830714875,2
3.2774315973434724,52.768269547955555,3.101831260597999,5
8.046248154539315,73.13164928851813,6.387837023872782,3
6.077820087369317,80.09139332238684,3.5550990688919306,1
2.925507691347087,80.92255364954596,1.7761093176567142,2
4.619322643832784,68.12549345889714,3.2000356350240384,2
3.2487634932304856,65.36093788717193,6.520737875292799,3
2.234400538071328,58.88790423801775,8.15260582958624,3
6.852355095063283,61.675416142499564,16.120696928746852,5
8.818833280940261,41.732214255071995,5.389512362254995,2
2.2028648523617176,37.72701674866539,11.885465499632101,3
6.125938473381142,49.94938313883572,4.283212448212296,3
3.698714861756346,47.447230662126074,4.755497619754068,2
4.0257492324706075,43.201579260090874,4.563220904227642,2
3.8152121515222617,60.44581171185073,5.8785342741240605,5
3.2720184606403677,64.32957812855766,9.178160824059713,4
5.097043255889654,51.32610329437771,3.4350832549600887,2
3.3380997671779244,72.16295121582893,2.286215393962978,3
5.540913651559678,32.87466328799742,9.68749546463695,2
4.899523781101726,47.095108110804226,9.218237496746566,3
4.522103906267181,39.247665190957925,13.147272282386037,3
3.1848726759168042,22.0019507439041,3.006622904934771,3
3.8464573388633347,48.75978971235951,4.16261344989325,5
6.510782451651512,48.17378737425075,9.938037612882091,3
6.0018343752487615,72.70174614863197,3.402151846117037,2
3.044889510402898,59.462175268321666,7.913394492065018,3
5.198664610858452,34.63719763506192,4.297881045867088,2
6.502774246743578,77.81138849501282,6.363009283225731,2
1.6611894377572565,68.31550543288029,1.7420965431997448,2
6.08672038475987,58.731465552029235,5.337328676832046,2
3.674752482108307,46.60273851725252,11.276181964615978,3
6.141197337186319,35.6084114491478,8.655684933726928,2
3.4734816869149663,44.416898358934205,2.1517657797153187,3
1.390235798670962,66.33122929556279,15.279966399653421,3
1.7449151242336747,78.26879458901914,10.81391799817784,2
5.096169893322764,73.14865292408284,1.8226972510306563,4
5.519445003442963,42.667258673205886,3.218356271682084,2
3.191366749791183,33.205738500664836,1.9227729918706051,2
6.277184917554748,52.113293703668056,6.49327551604984,3
1.6769598754620803,23.473409516557226,3.1003709680130482,2
4.867840402705367,54.847515712771724,0.6487620157126341,1
2.5779676004750867,47.78596120551997,4.738864288737108,3
3.696327784395682,43.00945247197637,9.425423528192916,3
5.094797342632828,26.07945399099807,5.42086833047338,2
3.2791732694320954,57.704001598545744,7.414072417695582,5
4.230888911540349,42.009487405071326,5.814473266009553,3
7.012585618428881,32.451247464345684,8.407299719219981,4
3.8462162609537023,6.916066800775262,6.203654768901721,2
6.671384224130284,49.58727642424046,4.539648802507599,3
2.740586290684764,76.58377395004617,5.370418113781733,4
6.059608355830566,74.91888821821806,13.472522160981326,3
7.883137241315801,43.14355615120592,7.71332861639571,3
0.056710999745421375,40.966819094573296,2.1451453693107103,2
3.406209489059046,57.031613841125356,5.30612402094087,1
6.15414425436108,35.02421841217563,6.409145465404885,2
4.593909227914015,54.52687849729199,4.422467552039371,2
5.742291746742618,61.491204175770356,0.6531866955986786,4
3.792029626568359,68.40399835826462,2.353189008279711,2
5.1731795749458,48.49768885280071,3.5630925471799673,5
4.688645529215841,46.94489374734551,16.45327417770019,5
7.335564123319615,36.830261198651584,7.128523600776951,2
5.508841686602426,37.5967946894021,1.0826364133211843,2
5.675205324150404,46.602816621477096,4.6460456777708075,4
4.1762460677550655,55.510482602242675,12.093094112924804,5
4.024787551855013,63.703769393498746,3.0632105598692774,2
4.134883624360758,37.95231573979483,10.196215484387546,2
5.788904284756594,72.39032853439282,1.122152066861841,3
4.158031038359474,45.93314598436147,0.09704422616195933,3
5.579549713792826,49.67949058477346,11.238041937666656,2
9.150801597290878,38.79182481278265,3.4121509459204384,3
6.742249406863385,13.636396095905873,3.6411664062967066,1
4.347952935664318,63.26068094541574,5.774364100873103,1
7.40242784432789,61.0526584563865,6.949416098678575,2
4.183849253956897,45.780086643226795,0.22848557384063228,2
0.9237509296442923,51.00486075837308,2.859358598912698,2
2.983827378165192,57.73908826556149,5.2319417083342845,2
1.2584161579482886,26.56181214670186,6.93810518842635,2
4.296973031917383,42.06420983980558,2.1214087659313834,2
5.036836758379104,61.913970194327405,4.24172708212565,2
8.352874624550566,31.18565865246126,3.055026817993908,5
5.653854747528325,54.40336898249944,5.919629537628087,2
4.561798942382271,29.651272930648926,10.966546333578938,2
6.658811162366979,56.996449736502896,3.807486057475061,3
0.5777293819842297,49.465377765537745,1.3469004283861374,5
5.471229116217132,25.77302276141736,2.7249219749016103,2
6.541730387773933,67.47109031685757,15.178838015417346,3
2.042827508440317,38.981126348029264,2.361665488343708,3
7.287508086413858,37.84621344478428,1.6397351883993636,3
5.676992814988829,53.008537958464146,3.6187666934218683,1
4.169424172198397,67.22956024143073,4.646965260595597,3
6.26556373221257,34.762672715324044,3.2173331166837653,1
9.541385715608792,50.92519774771957,1.1291404335563955,3
5.36373251011699,56.432247504958596,6.351809899646484,3
5.496441172600672,60.39658410894716,5.924171902441595,2
4.081278200919511,52.64662332915838,8.19137808925344,4
3.3003112610704166,44.494582413750166,5.8252658640889265,1
6.660671633088491,37.5861466902692,14.35711818891831,4
3.2878323481822656,51.292158245695624,8.643116994286972,2
5.143132474438785,33.9179148202159,7.4623264202355974,2
4.044685106469767,6.179742747580889,11.23983570497249,2
5.957959651492784,56.54839706236502,5.563550323257002,5
5.667324210573897,63.55902261629293,4.314208692876402,1
7.075079888515798,14.556013466872422,6.29928424451605,2
3.979967202290506,34.854039429350934,0.6109602038843203,2
4.460250129413257,59.287313915077966,5.576985975009261,3
3.042472568435385,80.86243204567548,4.643012883859846,3
4.111413479847776,50.31190561513112,6.807573694121753,2
5.754600986089704,39.07995588156298,10.21706787208929,2
6.513977233290704,47.256553383427395,7.617683624695523,2
3.1556693516447494,70.62314628722277,2.731512574758555,2
6.73921184021132,40.310537313131974,9.099426958914753,2
7.711275717609902,38.0121199002462,14.495455028162366,3
5.826869806447402,42.758847167269515,10.398279346186765,2
8.753591625116131,35.70007087611931,1.4777887036337471,2
3.452421601792854,51.84005473992193,7.560629049150219,2
2.510690593377166,74.3701768770434,1.715210963760636,5
1.4425595021914428,54.84618909674044,3.981621820750156,5
7.9920886229783665,46.21469746810568,6.662877956887496,4
6.308731312708115,45.62283096626684,6.038560782023604,2
4.8888306581790895,26.552137869550144,10.260676787294349,1
5.5599372526396404,63.246646657207386,14.542170833217689,2
2.749021905403247,48.83244204480797,7.153924744098154,2
9.891503959233653,47.29280129614062,3.737593284141392,3
5.258442363950455,97.8966135176729,0.6516438074711128,3
5.218789589209786,54.48129362548529,12.040870919165418,4
6.451533247797384,38.72313424857224,4.6622991868442965,4
5.962018463473426,43.60463605691685,4.85589650670102,2
5.447768048558263,67.22668563795132,5.161767367673813,3
3.4190510891093764,51.69905615806647,6.919473327205635,2
5.942936714271991,28.4258303252395,7.067059570254743,1
8.764048992950068,63.78843401862805,4.03341223705734,3
7.690840092309955,39.97783871691509,4.625945356896026,1
8.186373253278795,78.09946664326318,3.0098246434228377,2
3.9775686471376295,66.20072098571973,2.7296150035652267,2
3.020790359482838,43.29017156511873,2.7178662098342405,3
4.748426159800704,69.2152454260267,4.583525048784622,3
5.111449824577389,51.01783265791105,2.2692441712425695,2
7.188383036941897,62.79160512683329,0.07758145537635654,4
1.6150707405703613,57.27099225941712,3.6842797966036067,2
8.059100638921228,37.3046501751369,1.5756153792434278,2
4.683984202842021,40.346752515238066,5.435820119156651,3
4.14623786010516,65.44941226371742,2.999667441695089,3
2.975791249479665,44.97837001840189,6.981713552305951,5
1.6902866562684613,43.94527305137005,1.7293343311574476,2
6.646341167923829,35.673161309759706,0.8213912043548051,3
5.146635934376808,56.353985983901914,4.635036629116068,3
2.4200782005178922,80.93787378864718,3.55580095403655,5
2.409842455872768,33.9870062861859,1.4369442826099856,2
4.328430601419743,50.36329185009137,8.647984646976992,3
8.338043050578786,71.18330833123144,2.036229130999649,3
4.48081729727279,48.805379131314275,2.6153255882513857,2
1.9937140937637876,56.78557694374601,9.80845137216883,2
4.508513871828112,34.0640970777968,7.274690260208519,2
4.454552860504659,56.42460645811473,1.827887624491526,3
0.0,47.192836024931765,3.8251651450922406,4
4.8914102669643755,64.78594993519795,1.649628816545348,3
4.538130939582644,67.81079077347127,9.32140529394287,3
6.3924127296268365,88.84345463027921,9.317042283884383,3
8.69791218989069,58.69449759820363,15.960726496715232,1
7.253130059095515,54.886944748732496,20.065041446916283,2
4.462222618890339,52.91576452366004,2.9690864823243928,2
2.7869481825166593,44.702505607839676,8.299438671260226,2
10.14671960649972,55.077257651925365,0.6780833699411576,2
5.118436868028977,45.56897884791456,5.752018241888798,3
5.027858583825893,52.52691464404421,6.835371908157109,2
4.951749825779993,69.7639630341194,2.1442688244135018,2
5.39616952153571,34.90186152080538,2.809626693973534,2
4.711279176152115,67.09817841693568,9.360772084134931,2
3.8526759862395275,69.75672601009798,6.959099467941728,5
3.9062821175192157,48.22897209513382,14.635622477218599,4
4.934493459568003,18.172176514871083,13.523918117255938,3
3.91315045773247,40.882670193583515,0.9370313213667956,2
3.5743084346456713,69.45491819841664,3.2314521205656384,3
5.212860455383794,49.656979065516765,1.9359454118306998,4
4.490045565158289,35.01046651557634,8.54497370534768,3
8.007985977165378,42.42837618157674,6.181443912832802,2
0.0,62.6093003975683,2.0669037173465967,3
7.1830137038449235,58.20100352302069,2.3850466804258863,4
7.492170384995259,46.416018512454585,11.569245152943026,3
0.8532195351837011,44.49763382277969,3.549809936999326,3
4.314624811839303,44.12362776434267,0.542447329936354,2
4.257118268008417,36.163847232522464,1.8936442187149085,3
2.1849766105643575,74.23063534204162,16.657453752575993,1
3.444366624818249,45.1651929618299,10.004759754754778,3
2.7788483090683425,68.25737781238244,1.544444261545721,1
8.504540886847245,72.81974077883677,5.750040937215148,2
6.871356786294922,64.9746634722194,9.58322759635709,2
7.543110189988317,43.52569530922928,0.9219235688371112,3
6.44334412808647,56.05595135504914,10.323481973872141,2
2.7418964575655416,49.63706590413626,6.911324257940324,3
3.9509594674404527,36.44447208904808,2.664098860591495,3
5.978749122455836,54.865389225824046,7.719168887504052,2
2.5557443822161092,32.31440313260296,6.245942502925713,2
6.425996860344776,67.81519082692346,6.563205789430023,2
4.5193492036837295,43.03074054052411,5.595757847943358,4
4.250358384900805,53.01739483809259,2.305052775325021,3
6.421919936406983,54.24931807319213,2.7177452301272793,2
5.88852662297208,46.11642539443884,4.133336926404885,2
4.278067668361841,58.80040702212912,5.180292505596659,3
7.318659606728496,42.876445150662136,8.045285793523213,4
2.8378733448002054,63.06945946185866,16.91621481462341,4
6.231871213888527,29.810304796298773,5.951020461043612,3
6.186202515936768,51.89569369319618,7.945047003764366,1
4.38090712137202,79.08393498587427,9.249489568745515,2
5.652266044484236,34.995030130916376,8.345257742067329,1
2.497772847229394,39.83382544212723,2.2246360661186655,2
6.848054038413802,57.708617744883725,12.301159492022245,2
4.630195727114022,52.69372672909397,11.039440276333936,2
3.954553958961921,55.25945148910339,5.538372108598274,2
7.098018451673779,57.337806952214954,2.3501016870628906,5
3.5913126189144817,59.52082202842655,5.117215639518033,3
2.1830774072728807,66.64549762934334,1.0629412036699362,4
1.8867416529521925,56.147279853927685,13.375456163109442,3
6.21201990269128,46.38113518072186,2.941557666511352,2
2.439141295007434,60.08860551804097,3.965339857815298,3
8.50958836396873,78.49822902342824,12.751848208696245,2
0.8361411842325559,48.010493804261394,11.75551967634891,3
8.392912736580076,35.38206042994038,6.4267432839956165,2
5.422034934405237,66.60621003930459,14.708407655893435,5
4.806573776259215,48.19428254069603,2.159301832172053,2
3.9101618263821005,17.409956809789456,6.429167441562311,2
5.798272228704142,62.711325157256326,2.1761211850616204,5
4.9247305951503035,41.97007721069116,10.590081748724137,1
7.2066037640330425,48.64200076543759,10.340084980838636,3
5.228455297324079,54.979704958535216,15.393000958639526,3
5.300603522923756,52.857495196685996,4.998785249586287,4
4.272775575572288,60.64177725708559,18.212095449390915,5
4.886108752557865,43.46770444145235,2.0096565067079664,5
5.615603537784119,57.69658697264124,4.794119669437735,1
1.5796632146867489,46.106799836241244,2.0788974341776614,4
2.303629155788574,61.08215721331254,5.798730767776989,3
6.48652818804543,59.2305122601958,2.2523010138268136,3
5.341730876255884,35.96841946933107,10.609613633798293,2
4.632033327294642,66.28973174262549,7.075334818232264,3
5.036867866130787,41.96054832328928,1.850766442248283,5
5.695163410723342,62.12086697421718,8.979849332286133,5
3.920480639381277,55.50930970102011,14.030861650398496,2
3.4433905491953745,77.57275515192684,7.569208895477648,1
5.391690510195363,46.64801026442222,1.356372094466081,2
3.0432544447699357,44.760248058227035,4.444951672396652,4
5.816505511428944,49.708705911684014,8.263475833512272,3
1.5948327915243192,45.452303257485866,4.117763554306235,2
7.058311274651287,61.99912852913075,1.9852669925521451,1
5.9451949648260864,25.755340873451182,11.436831297699538,2
5.5120594686277515,34.194763712804686,3.9774781350413972,2
6.965381967891028,33.9829561763121,14.036588181270812,5
8.330948888925153,64.25461387960364,3.2460995776669317,3
7.028740130036261,75.65920058872888,3.792477729006988,2
1.3182515373367094,48.433261721937924,3.034769300770876,3
2.440846066528597,47.46767415214984,4.385554994269138,1
3.7503628446086426,51.050782446697724,6.992673161999753,5
5.052182100421668,67.42817453912286,2.0844738905122453,2
6.035318040938246,36.089702987141386,1.7313011534968539,2
3.548512373693069,53.57553474102178,0.8986041288996693,2
5.373533528954157,64.62796444673644,0.7734878853818243,3
3.489234135293355,57.51641254909768,1.3732831874494356,3
3.7769643940161037,52.843724248981154,3.2273094365658554,3
2.1866778063035555,65.01569138850712,5.720501652753891,2
3.1535335077781914,9.451515605011444,6.716971235221086,2
2.2966307887673327,60.16812979296361,5.524985140366789,2
3.0482534940453343,40.188864753088644,12.987496698780301,3
7.107283593215679,22.540506547153146,15.77318541313964,1
3.1012022223361138,57.66803899287471,3.9927075408359265,3
10.26476412967478,70.60487817744436,2.1174634823005434,4
5.9866358017617785,47.93827228058462,18.946148918019563,4
5.369672247389747,64.29311820804408,11.173616906542728,2
3.2832844396375727,74.18417386982968,10.62255723569226,2
6.4006197588179825,69.72371680376071,3.118441030014955,1
3.848724347524452,74.59946794057089,9.134575191549366,3
5.244019629290723,61.13191236607838,5.558147845295997,4
10.12016907653759,51.13150458352389,4.718941478001105,2
4.8078802005507,25.970512821542474,4.7126363737169354,2
7.298546652571352,46.30906267805077,7.224882314239917,4
3.593647149748225,37.35130107025712,13.268962950264847,4
4.930023019006077,82.5641407624672,19.96542567573401,2
8.54160127127102,47.36171281351495,3.5916208776209437,3
3.746065884424465,51.848072101767286,5.795953510336003,2
8.624897115993857,58.272280640607015,4.626861436636849,2
6.415503870910951,50.654036695586804,6.8857320896609275,5
3.8750664482114647,75.4257656064613,4.186905798009832,4
6.264815478111042,40.66025957398322,2.8150660559934595,3
6.9451088992534595,52.91911182855864,3.5957273626547397,1
6.243619924434393,38.86294121452927,3.1577112090389168,4
1.8595505602190872,30.199662331689414,4.4519159252751,2
3.545725648350263,40.82346363642072,1.4786759465917663,2
4.504962728896991,49.44444804427382,3.209152179067617,3
4.851133141799908,43.5604666322411,6.837274576616208,1
6.241344195101356,39.61368530189216,6.800895089345486,3
5.355402001866508,28.90523804492249,6.04337262416257,3
2.3293112825797975,48.75341641056958,12.507622775239607,2
5.760395702011927,27.429194389534967,7.033326812951758,2
6.221171490567646,61.40083945534404,12.236218009448526,2
6.11958089586208,51.23659629401755,19.975028806545403,1
7.161561451109243,28.13672750802604,9.294090330436601,3
6.667844309097808,45.36186384425205,1.4861112082019654,4
5.918360158456873,38.71765391614125,6.221523131174247,1
4.859668577082706,54.78761765628771,5.56614094334439,1
1.6780781329680172,70.10675669034717,14.021524534599195,3
5.859236438265172,21.87241295531383,4.580443054968442,4
5.4153753743262225,51.72539118721126,2.485457513833496,2
5.543157674390747,47.59800806650039,3.368853048002186,2
2.446502848359381,60.07010114675698,1.544067857658677,3
2.8378869191834752,53.19794942356533,17.910522062278137,2
7.1063057066658075,38.72046002391771,5.07324059649244,1
4.92088969228669,45.214190965000725,1.6965456817588727,3
6.363001394745249,38.05961214794766,14.86264271578574,3
5.056636752260922,66.14010707897897,16.535677039827682,3
5.05951227899149,50.319674730079136,5.710071763425652,3
6.876567611951995,78.5178602862951,1.4041495266791753,3
3.967910543565252,49.090087792780686,3.4380749027663002,2
5.192241553881967,39.37389849634306,4.200069046652851,2
4.075449422589915,27.29428411080759,5.205139496202455,2
4.131007545135369,22.952904856160824,1.914495374112442,2
4.381655753062721,26.237960854917652,9.823651017810157,3
5.444267543267426,54.00689976517225,0.47510629614175126,4
4.042502756673045,57.63087534844901,10.930732766048797,5
7.511512251147042,26.282139469518,12.520597677207673,3
3.2107853955609924,63.425574711141735,3.7271360091231713,2
4.626256711677282,42.75408422474841,4.755512661708446,2
4.12053788345165,52.20189517978324,13.576288933300113,4
7.893955768707466,74.18330942383136,8.042681985582883,3
5.393109553023149,63.452589737982976,3.8373978473963843,3
7.063689078937269,45.97204028141252,4.218012172786558,3
2.028879253926056,36.63211661877069,7.254178937056883,3
5.534100531738518,17.722768980060422,16.863346265060603,4
6.779261591246874,39.212700211363696,4.323676612461226,1
5.164567978550848,46.83304641758458,3.7419214066722652,3
7.130960750130702,35.19230709273224,5.177199852049148,4
3.9654230997992554,48.031145493615426,5.200921396705954,2
7.81869488037116,51.15277824438152,6.358087002031898,3
9.5977962472385,46.627160272878825,4.767434578303421,2
4.274322879120682,40.249961287648105,11.375224355461915,5
4.1089949571984565,52.529820079500915,2.3149929569874415,1
7.906768954235401,56.629109743541136,6.8799553646292,3
8.159144291461425,33.64401383835731,7.076618448619187,2
3.9542799456934636,71.16398569619405,2.5083959420323807,3
4.159626365808285,48.521178015736076,6.83035957637071,2
4.436430782278985,50.28274434417271,7.210811046308528,2
2.311098977931446,60.62321634884836,0.226047098595268,2
3.1626961070316035,53.49824196895253,2.115002915367435,5
2.9917184664958643,64.29704950869868,14.336077011268758,2
3.464404869791743,54.30686247802736,3.068290380566117,2
4.930630225226437,40.81343938039343,1.6923557985562023,3
5.468429465073042,55.42255287809152,0.7320728891195454,3
8.101000985628154,32.844106890190076,1.9335409038190456,5
3.003291918522418,51.62839558664785,4.610015375862361,2
6.968644796953168,49.50155014033309,1.5727008471502226,3
4.572022311548982,46.8782471409119,8.117455860743137,2
4.901072580695134,48.07193732841604,2.4674294735575364,2
6.3496389843332075,21.772264317535413,6.393961141779755,3
2.7545559568754028,41.76912638388558,12.988037461510025,3
5.764819492368101,51.39267351711672,12.45036035370262,3
5.332904416426112,52.397845879961004,6.313449806979868,2
5.984902528016298,34.58487288611063,1.8122684856692812,2
5.5783372878156365,68.98561761297051,4.862527644965676,2
9.91060027982179,37.007377276782485,6.466596784066727,5
3.7245200314973683,64.54185800790106,22.398654539676976,2
3.9380060899963647,56.40791542807527,0.7230773429367797,2
3.753718947150471,40.30659035234295,4.8760168737844785,2
3.8890457616794905,76.62966338914268,7.9137266035976825,3
3.7252257453869646,32.095447523652794,5.491988532622276,2
7.378033062215104,63.787312604150024,5.956854541337915,5
7.841008495979709,65.00873477064468,2.6044569528064496,2
3.8585074125010475,39.94069686385033,9.70607819161205,4
3.3352888537915426,70.88697950096493,5.20276282597618,2
5.942831112772808,46.24930228101571,5.94071224606752,3
3.8955539114380575,54.33040443919786,10.42169149246909,5
6.265863635511021,53.90482758156831,3.9340862787486666,2
5.405846041702599,47.98536887794178,11.996957683617856,5
1.9685117700055361,62.16212409739673,1.5178075434641967,2
8.095010402660122,61.902330808283196,6.195752567300088,5
8.591755346191043,23.772020401427287,2.460245315652033,3
3.7744226190312276,69.56510364317229,1.9030209686386095,2
4.224596880128032,25.062620179464886,16.734880169940702,2
5.57173078144981,65.48819306512486,1.6018216639107106,2
5.66891357997405,66.90057705241375,5.281072819168111,1
6.317088545345661,33.63550354677203,1.4771596949936192,2
9.0204090775327,43.83778568068123,11.501387692059275,2
4.646105545011901,33.41442997271096,3.6170530655947672,2
3.4034055109230925,46.77618454566897,10.384206318677947,3
2.2413615439709456,45.379485737213884,7.723688193874669,2
3.538139920116162,61.6949079840401,20.28085259049896,2
4.933746054252405,69.65463119179412,1.1801975462871601,3
8.589115727035576,70.93525716184934,2.0982122326967056,2
3.964777401927657,41.567479601325466,10.00284948270501,1
5.447575903277797,46.86167189383208,6.418146264968719,2
4.967154207854496,24.748427116685747,4.169720607956609,5
7.376786546896168,37.911949002557165,17.881885768634913,4
10.053864851747242,64.47277449646187,5.002645012719934,2
3.938262454159359,74.23374235322348,2.546993307406762,3
4.021121114963556,31.48476692180117,10.470217871810249,3
7.0883217541381445,41.11303611270659,5.132948852039506,3
6.363782979252623,49.603913645616096,5.443866984856093,3
8.693414651472068,54.2024173822941,8.192093963692205,3
6.167856370651927,37.85594720117531,8.41905471636486,2
4.281415818425881,56.36091566696135,2.0713547707787425,1
6.181309661384619,42.89240979393626,3.9782414651835283,2
7.2174071611658155,49.78321593682581,1.3449858282632186,4
6.640964362394728,58.194263720055496,6.488551019913093,3
6.014548062214596,50.09633404716407,16.539789514907376,4
7.133349379178307,43.45421164210147,2.154026764511066,5
7.3385911808913455,48.35585294111254,1.0889364887504627,2
7.764317982075054,48.67455561191997,2.9279250460578377,3
6.297419775179286,44.449834551768085,4.140643158304615,3
4.665763839366291,46.11805905999346,8.471502533156352,5
5.293427372866645,73.97970755757075,3.798232361088318,5
7.413017933016714,58.41379171911858,6.574547442294913,3
3.366128658025528,45.56779522956259,3.3117705173037986,2
5.737346617745803,60.45431606766103,4.325721095150775,3
4.213322375345278,44.99270765365985,2.470820643307561,2
5.057489645869635,67.59686956379961,1.8074172265920916,3
7.556903725214598,55.544632882971406,8.686244250785027,5
5.382198136039807,48.39046783993657,3.509230356040182,2
5.092873096312298,56.715753887154165,6.927997990282728,3
2.2802877180401615,26.43685771897251,2.435518503329348,2
6.492507132054442,33.09848796635292,5.02785364500962,2
6.29096836228215,32.091124904014166,0.49073419977171495,2
9.32650944661092,52.1441464214556,3.731185359860116,3
4.384443530093998,75.98772499227638,2.6770484170130375,5
5.438300655327878,83.46950219288948,11.188098375017093,5
5.498767367421511,59.57076652161136,1.5392373244728632,2
8.15490655952695,57.51266712416685,4.469427271372067,4
4.809408935226096,22.984133987708915,6.429783161338227,3
5.558043051540679,41.859893003989676,10.140752824226487,2
6.215793019433079,38.183243721376414,9.196525677977455,1
5.3732182463127165,40.68728602623326,4.753623427756985,2
4.107132770898944,47.47784272122816,5.287584110462841,5
5.388179985796615,42.91864133454309,11.181290660508715,3
7.1472634997195446,20.310502844363185,4.682719932800507,3
2.9469694011778795,61.21865384176301,5.724504562177751,2
5.265939348293752,33.9088546139029,11.431548773217147,3
3.599758370121654,53.588702961667245,22.12229559918822,1
7.390093257849685,81.1112400462496,6.097173926100811,2
1.9536261904324506,36.20923112620365,7.36322203526592,3
3.8821563054568236,12.045687158805052,9.006869976671394,2
5.754423750129042,45.70993667179834,11.357636747333267,4
8.13104805846868,66.51439452497857,10.314942314102652,2
4.868499477854025,79.37521181330891,3.0964448395354376,3
3.8896009466136032,31.55675608321375,6.4019779671896835,2
8.76231413888118,57.45048834854782,10.36399872054539,3
2.103972199167512,43.0203431482992,12.999862836226832,2
0.6023880867598361,48.410774685437964,4.475796822732231,1
5.880028900106665,89.66515020525551,6.288509514008522,5
3.9958915512947777,27.455445074072703,6.828800104965068,2
2.9575343657385735,53.8060949224186,5.154339113460146,4
6.416712894598707,57.0153975764815,6.169220176330546,5
5.487601427542398,66.2867948740902,31.013794631763723,2
3.871842738526543,51.46974730206343,4.3296603824593145,2
2.439391202658211,54.62075809256154,4.599362631084334,3
6.744914656560289,44.125271488673135,0.9608133986535519,5
6.300402355917322,54.03690411867661,0.7819079804465499,5
4.801648272441234,44.85211586753884,7.181824243602168,3
8.693273992095332,59.323578347840765,10.392985363263964,3
2.859830467347695,44.45584495934549,9.113627690852915,2
1.9489496581505223,55.65650590853279,2.429427242449299,5
3.616183860237511,49.56105779472532,8.744031740653625,5
4.908827967289004,66.89075376158252,4.542016200534187,2
5.486678898645383,49.229094146172706,3.6976905688846404,2
4.5175278842873405,23.40451297689678,1.38542927399569,2
5.704110793028594,68.92882251070988,2.7114047829470196,2
2.496921151619112,36.414015487060716,7.302832319259634,4
7.887529208146519,40.1935049202677,6.352197551077278,2
4.835697643214862,41.065080589347616,5.679545458749446,1
7.234591663176255,70.61657139756227,0.4198052786314097,2
5.685450692755408,17.964886790319568,5.723580368965741,5
5.913506438307568,97.0662280048999,3.056710403852036,3
6.139534560464408,65.84085213599077,6.386004261810665,2
5.8954171200346295,53.348583711937394,11.591100991073326,2
6.285445519735088,49.1765899907557,3.4571885017697417,5
7.658305060264863,54.28331112286485,5.4114088509840474,4
5.39304233940294,57.81683642569008,17.811908007224076,2
6.418007515177025,59.678233789250854,6.152968778650287,1
4.820528611425546,58.334066990051724,4.914209285823006,1
7.880234430898946,51.34371021882873,2.46594953648606,2
3.6472153958814606,47.03992369539011,8.914365140562863,3
8.60188086582163,47.730900745197324,2.093901277960217,5
4.919684098711313,47.07637579470978,11.938219936012715,2
2.1384497957639037,67.00655145300597,8.041488820766784,4
5.2562088298215786,58.90335083421293,3.1497196312563607,2
3.6378966850502383,5.894170480035797,2.541684491822444,3
6.681287097977448,59.83851164794642,2.5970945245203745,3
3.694752041395218,52.92104292078162,0.7992422540458952,2
4.107633133570441,49.71936865331154,7.057651924456733,2
1.220918538108938,44.17222320366671,0.499762824951556,3
4.095387361501847,66.86169079979021,4.674006629044511,1
0.15224134674208667,64.21289693184286,4.440115262112059,2
1.8321943530285534,38.40683498264586,3.8384404267658248,3
6.520829312288595,56.105784306868024,7.022754489411006,5
6.571600317301664,35.42514898188071,3.156466534693472,2
5.85091512356993,29.30572752816604,5.734547585954315,4
3.066047713741574,40.59924163115052,11.936629431661668,2
4.90457728771604,62.93590208574138,7.63113455903169,3
4.992794921818863,64.2968756806413,3.5667761470008594,3
2.6832706216149145,57.69628130145939,5.030581963514078,4
8.006796603534301,60.87643680271996,3.841965184257898,2
6.7547245811513426,57.742674306724375,4.390156578084904,3
4.558071652340672,40.37777607165572,5.867238749198144,3
5.053771677989062,56.47883817010911,1.3198332643165622,2
5.416765615895105,62.00614287841523,1.0103374924457447,2
0.9165302631514187,61.314369947203616,2.2780724093078915,1
4.5056452349588065,67.83370057211964,7.264681327404746,1
3.6360315040044027,60.624557708015956,7.989885449606189,4
2.996759980210169,55.27172311312374,8.843478681351597,2
4.43779941422809,66.05225357474642,2.3623088278714155,2
8.595373053699046,49.6021811112641,5.387895435333595,3
6.28168572253402,36.771880231584234,3.6590759543286495,2
3.8576420204344064,47.553995540843545,4.535945681464053,3
6.145165562712317,38.82646032790326,3.605612777989369,2
