Date,Region,Network_Traffic_GB,Call_Volume,Downtime_Hours
2022-01-01 00:00:00,East,254.4410551,17513,0.5
2022-01-02 00:00:00,West,484.4762255,5824,0.5
2022-01-03 00:00:00,North,462.1402568,7265,0
2022-01-04 00:00:00,East,178.3164539,5936,1
2022-01-05 00:00:00,East,127.7445204,15992,3
2022-01-06 00:00:00,West,140.3112006,15745,0.5
2022-01-07 00:00:00,North,107.2887303,11402,0.5
2022-01-08 00:00:00,North,137.7771843,19199,2
2022-01-09 00:00:00,East,373.2027094,8845,3
2022-01-10 00:00:00,South,128.4754594,6796,3
2022-01-11 00:00:00,East,227.5902521,13245,0.5
2022-01-12 00:00:00,East,437.9501244,12214,0
2022-01-13 00:00:00,East,109.3087743,5726,2
2022-01-14 00:00:00,East,425.787393,7736,3
2022-01-15 00:00:00,West,212.7419099,18832,0.5
2022-01-16 00:00:00,North,147.265931,16362,3
2022-01-17 00:00:00,West,378.6948661,18331,2
2022-01-18 00:00:00,West,351.5771387,6913,2
2022-01-19 00:00:00,West,450.9888054,19064,1
2022-01-20 00:00:00,East,394.0284175,14788,0.5
2022-01-21 00:00:00,South,421.3923722,15106,2
2022-01-22 00:00:00,North,212.813829,12657,1
2022-01-23 00:00:00,South,170.9758175,7466,1
2022-01-24 00:00:00,West,400.2459007,15929,3
2022-01-25 00:00:00,West,422.7338957,14041,3
2022-01-26 00:00:00,South,496.2020568,15301,1
2022-01-27 00:00:00,South,265.0470708,12312,3
2022-01-28 00:00:00,South,248.8072343,19551,2
2022-01-29 00:00:00,West,410.5651843,13194,0
2022-01-30 00:00:00,West,236.3214161,17447,2
2022-01-31 00:00:00,North,472.3029302,12906,1
2022-02-01 00:00:00,North,443.3651007,17261,1
2022-02-02 00:00:00,West,271.597611,9876,2
2022-02-03 00:00:00,South,400.3484271,12287,3
2022-02-04 00:00:00,South,401.8171496,5892,3
2022-02-05 00:00:00,North,141.2495475,15222,1
2022-02-06 00:00:00,West,461.0211627,16352,0.5
2022-02-07 00:00:00,North,302.100949,15568,3
2022-02-08 00:00:00,North,430.5829864,9675,2
2022-02-09 00:00:00,East,228.0198404,6933,3
2022-02-10 00:00:00,East,458.2092914,6380,2
2022-02-11 00:00:00,East,255.6806715,16873,1
2022-02-12 00:00:00,South,104.3350606,6290,3
2022-02-13 00:00:00,West,462.1527906,6640,2
2022-02-14 00:00:00,West,136.5146707,18239,1
2022-02-15 00:00:00,West,227.725455,12490,0.5
2022-02-16 00:00:00,West,480.0247868,15874,2
2022-02-17 00:00:00,East,480.2428588,14179,0.5
2022-02-18 00:00:00,South,329.3751552,6218,0.5
2022-02-19 00:00:00,South,352.7348849,10016,0
2022-02-20 00:00:00,East,279.3782088,11881,3
2022-02-21 00:00:00,South,217.2843087,14547,2
2022-02-22 00:00:00,East,231.4658181,17457,0.5
2022-02-23 00:00:00,West,369.0073824,17808,0
2022-02-24 00:00:00,East,400.9498118,18774,1
2022-02-25 00:00:00,West,416.6316175,17327,2
2022-02-26 00:00:00,West,415.8472571,14752,0.5
2022-02-27 00:00:00,North,136.4824412,14610,3
2022-02-28 00:00:00,East,297.7681219,5954,0
2022-03-01 00:00:00,North,123.023504,14175,0.5
2022-03-02 00:00:00,East,319.8115529,12291,3
2022-03-03 00:00:00,East,276.6122005,5974,0.5
2022-03-04 00:00:00,North,455.0816731,9133,2
2022-03-05 00:00:00,North,240.366005,19663,2
2022-03-06 00:00:00,East,146.8268066,10370,2
2022-03-07 00:00:00,South,157.1966728,8972,0
2022-03-08 00:00:00,West,404.6042527,10295,2
2022-03-09 00:00:00,North,347.2872253,18913,3
2022-03-10 00:00:00,West,140.4490704,14105,0.5
2022-03-11 00:00:00,South,133.6427224,17741,1
2022-03-12 00:00:00,South,380.3876526,13228,3
2022-03-13 00:00:00,South,129.1052025,16579,3
2022-03-14 00:00:00,North,428.7440237,14903,2
2022-03-15 00:00:00,South,382.4968909,8020,0
2022-03-16 00:00:00,North,132.5395123,13987,0.5
2022-03-17 00:00:00,South,133.9350856,9036,0
2022-03-18 00:00:00,West,494.6558314,10068,0.5
2022-03-19 00:00:00,West,249.7083183,17880,0.5
2022-03-20 00:00:00,East,248.2568588,10233,0
2022-03-21 00:00:00,West,425.1198269,16303,3
2022-03-22 00:00:00,East,478.899431,14516,0.5
2022-03-23 00:00:00,West,494.4004255,19559,0
2022-03-24 00:00:00,North,401.3512741,5317,0.5
2022-03-25 00:00:00,West,250.5038342,7396,1
2022-03-26 00:00:00,East,133.4002867,7162,3
2022-03-27 00:00:00,East,410.8587664,7745,2
2022-03-28 00:00:00,South,323.3616999,18634,0.5
2022-03-29 00:00:00,North,269.6888037,6591,1
2022-03-30 00:00:00,West,462.541754,16303,2
2022-03-31 00:00:00,South,144.4789929,19177,2
2022-04-01 00:00:00,West,297.0500417,11183,0.5
2022-04-02 00:00:00,West,104.5414579,8930,0
2022-04-03 00:00:00,South,287.4642568,15188,0.5
2022-04-04 00:00:00,South,122.5213103,19060,1
2022-04-05 00:00:00,South,147.5271665,6312,2
2022-04-06 00:00:00,South,147.0104987,14477,0.5
2022-04-07 00:00:00,South,359.6841208,9311,0
2022-04-08 00:00:00,West,398.4179517,12314,0.5
2022-04-09 00:00:00,South,333.347506,7383,3
2022-04-10 00:00:00,North,484.8690194,8239,0
2022-04-11 00:00:00,East,249.9482318,7139,1
2022-04-12 00:00:00,South,214.2848345,19688,2
2022-04-13 00:00:00,South,447.4396513,19906,0.5
2022-04-14 00:00:00,West,189.4383354,6704,0
2022-04-15 00:00:00,South,485.2890158,11924,3
2022-04-16 00:00:00,South,104.8617899,5362,0
2022-04-17 00:00:00,South,487.9515307,7604,3
2022-04-18 00:00:00,West,117.2639648,14908,1
2022-04-19 00:00:00,South,456.4572455,18481,2
2022-04-20 00:00:00,East,311.0804436,17643,1
2022-04-21 00:00:00,West,497.1859184,9286,0.5
2022-04-22 00:00:00,East,129.5186259,8738,0
2022-04-23 00:00:00,West,321.5417138,7469,3
2022-04-24 00:00:00,South,487.7210142,9795,3
2022-04-25 00:00:00,East,309.2391377,11150,0
2022-04-26 00:00:00,West,351.7594553,19468,0
2022-04-27 00:00:00,North,378.2994756,5556,0.5
2022-04-28 00:00:00,South,281.8164259,14017,1
2022-04-29 00:00:00,West,351.023232,7808,3
2022-04-30 00:00:00,North,333.7257248,10150,0.5
2022-05-01 00:00:00,West,460.4632042,19870,1
2022-05-02 00:00:00,North,118.1785521,17713,0.5
2022-05-03 00:00:00,South,212.3852758,12561,3
2022-05-04 00:00:00,East,480.1645936,7719,0
2022-05-05 00:00:00,North,456.1055136,11506,0
2022-05-06 00:00:00,West,282.2627011,16700,1
2022-05-07 00:00:00,South,348.0530391,8741,2
2022-05-08 00:00:00,North,210.9524732,14766,1
2022-05-09 00:00:00,West,175.2484639,8998,2
2022-05-10 00:00:00,West,285.479362,15321,0.5
2022-05-11 00:00:00,West,241.3408912,7403,0.5
2022-05-12 00:00:00,North,333.4624447,16521,3
2022-05-13 00:00:00,North,131.0938548,13780,2
2022-05-14 00:00:00,North,489.7579231,15204,3
2022-05-15 00:00:00,East,494.4842978,14739,0
2022-05-16 00:00:00,North,379.2646856,5294,2
2022-05-17 00:00:00,North,314.4385465,15177,1
2022-05-18 00:00:00,North,223.8110465,10343,0
2022-05-19 00:00:00,East,425.5180079,18836,0
2022-05-20 00:00:00,North,373.892469,16309,1
2022-05-21 00:00:00,West,165.0467757,14882,0
2022-05-22 00:00:00,North,464.3708738,6136,2
2022-05-23 00:00:00,West,429.0148972,18544,3
2022-05-24 00:00:00,West,479.9199653,7064,0
2022-05-25 00:00:00,West,390.2878034,17647,2
2022-05-26 00:00:00,East,345.3660784,12009,0.5
2022-05-27 00:00:00,East,267.2972145,17987,2
2022-05-28 00:00:00,East,473.0913933,9543,3
2022-05-29 00:00:00,North,446.4255558,19700,2
2022-05-30 00:00:00,West,118.087468,17962,1
2022-05-31 00:00:00,East,110.5467898,6007,3
2022-06-01 00:00:00,East,250.5853468,10445,0.5
2022-06-02 00:00:00,North,424.2213323,15706,1
2022-06-03 00:00:00,East,494.9104517,19749,2
2022-06-04 00:00:00,North,160.1667564,16718,3
2022-06-05 00:00:00,South,337.6522861,17873,0.5
2022-06-06 00:00:00,East,252.3563427,10352,1
2022-06-07 00:00:00,South,487.9657591,14439,0.5
2022-06-08 00:00:00,North,436.8475693,18281,2
2022-06-09 00:00:00,West,435.3314819,17094,0.5
2022-06-10 00:00:00,East,287.4772639,6435,0
2022-06-11 00:00:00,North,265.9278009,5571,1
2022-06-12 00:00:00,West,209.3628288,7382,0.5
2022-06-13 00:00:00,West,122.5501987,14437,2
2022-06-14 00:00:00,South,445.8889505,15276,2
2022-06-15 00:00:00,North,425.1604037,10084,0.5
2022-06-16 00:00:00,West,499.8870693,5277,2
2022-06-17 00:00:00,East,498.6547348,18507,3
2022-06-18 00:00:00,East,322.1726822,12059,3
2022-06-19 00:00:00,South,407.5949661,6887,3
2022-06-20 00:00:00,West,477.906292,17771,0
2022-06-21 00:00:00,North,439.8589563,6265,0.5
2022-06-22 00:00:00,East,198.9392407,12491,0
2022-06-23 00:00:00,West,280.2176541,18018,2
2022-06-24 00:00:00,West,151.6637661,19527,0
2022-06-25 00:00:00,South,481.6204109,6040,2
2022-06-26 00:00:00,East,342.4698538,19859,2
2022-06-27 00:00:00,East,191.4571222,14109,1
2022-06-28 00:00:00,North,368.6802738,19736,3
2022-06-29 00:00:00,East,347.2512962,13073,2
2022-06-30 00:00:00,North,243.2650872,14077,1
2022-07-01 00:00:00,East,145.4230369,7752,3
2022-07-02 00:00:00,South,368.6292782,13213,2
2022-07-03 00:00:00,East,308.1230804,9569,2
2022-07-04 00:00:00,North,408.9273567,16383,0
2022-07-05 00:00:00,North,308.0654004,11353,0
2022-07-06 00:00:00,South,440.8726001,7353,3
2022-07-07 00:00:00,East,320.7627355,12437,2
2022-07-08 00:00:00,East,324.3751886,9799,0.5
2022-07-09 00:00:00,South,450.6614411,5686,0
2022-07-10 00:00:00,East,261.3931465,13476,3
2022-07-11 00:00:00,East,153.6060914,9811,2
2022-07-12 00:00:00,North,111.5130705,16939,2
2022-07-13 00:00:00,East,402.0549023,13954,0.5
2022-07-14 00:00:00,East,348.1238205,10346,3
2022-07-15 00:00:00,South,381.6319072,10043,2
2022-07-16 00:00:00,South,185.1856646,7428,0
2022-07-17 00:00:00,West,154.5485902,15699,0.5
2022-07-18 00:00:00,North,105.8178663,10126,3
2022-07-19 00:00:00,East,240.2350235,13220,0.5
2022-07-20 00:00:00,East,335.9670747,14098,0
2022-07-21 00:00:00,West,256.897618,16296,3
2022-07-22 00:00:00,East,274.9899688,12813,0.5
2022-07-23 00:00:00,North,461.6634778,19414,1
2022-07-24 00:00:00,West,239.3021868,17191,0
2022-07-25 00:00:00,North,305.5957957,16186,0
2022-07-26 00:00:00,West,413.4612051,15698,0
2022-07-27 00:00:00,West,258.6171129,17857,1
2022-07-28 00:00:00,South,348.8346801,19294,1
2022-07-29 00:00:00,North,444.9454835,16801,2
2022-07-30 00:00:00,East,479.8082495,16745,0.5
2022-07-31 00:00:00,East,158.8293924,14645,2
2022-08-01 00:00:00,North,470.6350501,18025,0.5
2022-08-02 00:00:00,East,296.8465172,8356,1
2022-08-03 00:00:00,East,203.2977553,13707,1
2022-08-04 00:00:00,North,283.6543025,19288,2
2022-08-05 00:00:00,West,492.0130301,12266,3
2022-08-06 00:00:00,North,297.0472376,11540,2
2022-08-07 00:00:00,West,231.5006441,5038,0.5
2022-08-08 00:00:00,East,353.3603417,8342,2
2022-08-09 00:00:00,East,196.0582475,14078,0
2022-08-10 00:00:00,East,130.3453312,7844,0.5
2022-08-11 00:00:00,South,151.5518888,15396,0.5
2022-08-12 00:00:00,West,151.2183356,6098,3
2022-08-13 00:00:00,South,160.7610774,12027,1
2022-08-14 00:00:00,South,155.5308691,6823,0.5
2022-08-15 00:00:00,North,356.3498979,16393,1
2022-08-16 00:00:00,South,172.7520338,18998,2
2022-08-17 00:00:00,North,238.2669133,18261,0
2022-08-18 00:00:00,North,458.715364,8155,3
2022-08-19 00:00:00,South,289.5846561,8093,1
2022-08-20 00:00:00,West,367.0230954,16722,0.5
2022-08-21 00:00:00,West,168.9279485,10658,1
2022-08-22 00:00:00,West,176.9156075,8778,0.5
2022-08-23 00:00:00,West,116.3474465,7896,1
2022-08-24 00:00:00,West,167.5740252,16645,0.5
2022-08-25 00:00:00,South,211.4361356,16703,2
2022-08-26 00:00:00,South,170.8041937,5988,0.5
2022-08-27 00:00:00,East,135.4810135,9116,0.5
2022-08-28 00:00:00,West,148.2543484,11446,0
2022-08-29 00:00:00,South,284.3115072,18156,0.5
2022-08-30 00:00:00,East,182.5334874,17218,0
2022-08-31 00:00:00,West,245.7079444,9179,3
2022-09-01 00:00:00,North,301.3669083,6682,0
2022-09-02 00:00:00,East,376.1579315,19264,2
2022-09-03 00:00:00,South,115.7248559,18698,0
2022-09-04 00:00:00,North,419.7641596,10626,3
2022-09-05 00:00:00,North,351.1601558,12424,2
2022-09-06 00:00:00,North,132.7036128,17857,1
2022-09-07 00:00:00,East,449.4314496,17155,1
2022-09-08 00:00:00,South,468.3489602,5933,0
2022-09-09 00:00:00,North,124.4311839,8598,0
2022-09-10 00:00:00,West,210.7510593,16425,3
2022-09-11 00:00:00,North,422.4805119,6980,3
2022-09-12 00:00:00,North,399.3038762,15047,0.5
2022-09-13 00:00:00,East,173.8084077,8056,3
2022-09-14 00:00:00,East,183.7397293,13984,0.5
2022-09-15 00:00:00,South,248.1888411,5791,2
2022-09-16 00:00:00,West,293.8091941,15001,0
2022-09-17 00:00:00,East,347.3019086,10390,2
2022-09-18 00:00:00,North,247.5654558,11635,3
2022-09-19 00:00:00,South,285.0138865,7255,2
2022-09-20 00:00:00,North,398.9883753,8610,2
2022-09-21 00:00:00,North,114.6732812,6607,2
2022-09-22 00:00:00,East,200.9747777,10179,3
2022-09-23 00:00:00,South,385.3398344,11573,2
2022-09-24 00:00:00,West,458.0827351,5984,0.5
2022-09-25 00:00:00,West,304.6709768,10776,3
2022-09-26 00:00:00,East,312.8453941,8676,2
2022-09-27 00:00:00,East,142.8688045,8380,3
2022-09-28 00:00:00,South,278.9649467,13711,1
2022-09-29 00:00:00,West,313.0469066,13782,0.5
2022-09-30 00:00:00,West,196.9882015,6050,2
2022-10-01 00:00:00,West,207.6972924,18997,1
2022-10-02 00:00:00,North,250.9136652,8633,1
2022-10-03 00:00:00,West,108.0284791,19323,3
2022-10-04 00:00:00,North,228.8316662,11342,1
2022-10-05 00:00:00,South,184.5792028,19722,0.5
2022-10-06 00:00:00,North,230.9989409,17636,0.5
2022-10-07 00:00:00,South,147.9048527,5959,0
2022-10-08 00:00:00,West,456.2109123,11059,0.5
2022-10-09 00:00:00,West,337.4369814,13884,1
2022-10-10 00:00:00,South,371.6409277,10655,0.5
2022-10-11 00:00:00,East,415.6684954,17091,3
2022-10-12 00:00:00,South,299.3768796,9473,0
2022-10-13 00:00:00,East,134.7681152,7946,1
2022-10-14 00:00:00,North,314.8426167,12725,0
2022-10-15 00:00:00,North,334.7364472,5526,1
2022-10-16 00:00:00,North,398.1757897,8224,3
2022-10-17 00:00:00,West,272.6638185,15445,0
2022-10-18 00:00:00,North,151.0321211,19790,2
2022-10-19 00:00:00,East,213.5103623,16536,1
2022-10-20 00:00:00,North,245.2329186,17157,2
2022-10-21 00:00:00,South,358.3668965,18547,0
2022-10-22 00:00:00,South,328.3113219,6875,2
2022-10-23 00:00:00,West,242.4386904,6763,2
2022-10-24 00:00:00,South,494.6060995,13712,0
2022-10-25 00:00:00,East,342.3099277,10797,3
2022-10-26 00:00:00,North,194.8907167,14208,2
2022-10-27 00:00:00,West,140.712989,12099,2
2022-10-28 00:00:00,North,161.1436557,10109,3
2022-10-29 00:00:00,North,198.3830914,11644,2
2022-10-30 00:00:00,East,164.2725493,5116,2
2022-10-31 00:00:00,South,174.6268096,7433,2
2022-11-01 00:00:00,South,214.0380675,10463,0.5
2022-11-02 00:00:00,North,169.3494381,5583,3
2022-11-03 00:00:00,West,458.7061699,13586,2
2022-11-04 00:00:00,South,132.0934983,18375,3
2022-11-05 00:00:00,West,309.8045558,8788,1
2022-11-06 00:00:00,South,264.1587308,15960,1
2022-11-07 00:00:00,West,492.9514468,9167,2
2022-11-08 00:00:00,East,144.8155609,17052,3
2022-11-09 00:00:00,West,259.1422396,13465,3
2022-11-10 00:00:00,East,487.7881733,15205,3
2022-11-11 00:00:00,East,446.2028504,18631,0.5
2022-11-12 00:00:00,West,426.8288284,17625,1
2022-11-13 00:00:00,East,203.1611308,6389,3
2022-11-14 00:00:00,North,168.355035,16758,3
2022-11-15 00:00:00,East,367.457288,17894,0.5
2022-11-16 00:00:00,South,471.7503957,13357,0.5
2022-11-17 00:00:00,West,322.7051572,14759,3
2022-11-18 00:00:00,North,328.6450758,11154,0
2022-11-19 00:00:00,West,211.9916375,10420,3
2022-11-20 00:00:00,South,407.7971733,13920,3
2022-11-21 00:00:00,South,174.8174994,7043,0.5
2022-11-22 00:00:00,South,229.4716946,9197,0.5
2022-11-23 00:00:00,East,270.1745754,8496,3
2022-11-24 00:00:00,East,303.0441515,18703,3
2022-11-25 00:00:00,West,196.963893,5778,3
2022-11-26 00:00:00,West,145.9347299,5213,0.5
2022-11-27 00:00:00,North,344.248017,8762,3
2022-11-28 00:00:00,North,215.4522213,18399,3
2022-11-29 00:00:00,West,332.4952886,14768,2
2022-11-30 00:00:00,East,161.7450861,15640,0
2022-12-01 00:00:00,South,292.4560407,11731,1
2022-12-02 00:00:00,West,313.035773,16128,0
2022-12-03 00:00:00,North,120.7294147,8117,2
2022-12-04 00:00:00,East,234.6417113,10791,1
2022-12-05 00:00:00,West,153.7658708,13783,3
2022-12-06 00:00:00,West,125.3499882,18621,2
2022-12-07 00:00:00,East,495.984093,18397,3
2022-12-08 00:00:00,West,228.941538,19427,0.5
2022-12-09 00:00:00,East,423.9497783,7720,2
2022-12-10 00:00:00,South,201.8562619,13905,0.5
2022-12-11 00:00:00,East,372.6010889,14127,2
2022-12-12 00:00:00,East,404.091144,11047,2
2022-12-13 00:00:00,East,338.2554962,17529,0.5
2022-12-14 00:00:00,West,288.6304754,19331,1
2022-12-15 00:00:00,West,264.7363657,13032,0
2022-12-16 00:00:00,East,239.5473066,5001,3
2022-12-17 00:00:00,West,471.8116577,11368,2
2022-12-18 00:00:00,North,432.2477631,16040,3
2022-12-19 00:00:00,North,486.0107643,19056,0.5
2022-12-20 00:00:00,West,149.7188894,17236,3
2022-12-21 00:00:00,West,392.3469901,6949,0.5
2022-12-22 00:00:00,East,475.3361827,11732,3
2022-12-23 00:00:00,South,172.4932265,19451,0
2022-12-24 00:00:00,West,126.5985069,12833,0
2022-12-25 00:00:00,North,396.4482597,5917,0
2022-12-26 00:00:00,East,329.7892453,8174,0
2022-12-27 00:00:00,West,436.7315107,15433,0
2022-12-28 00:00:00,North,155.9089507,12014,0
2022-12-29 00:00:00,North,418.1069247,5089,0.5
2022-12-30 00:00:00,South,180.650928,6709,2
2022-12-31 00:00:00,East,165.4623771,15361,3
2023-01-01 00:00:00,East,165.7063192,17430,0
2023-01-02 00:00:00,South,425.8298881,8041,0.5
2023-01-03 00:00:00,South,366.0788883,5105,0.5
2023-01-04 00:00:00,East,309.2261699,14078,0.5
2023-01-05 00:00:00,East,243.5321936,13619,2
2023-01-06 00:00:00,West,450.8802163,18616,3
2023-01-07 00:00:00,West,256.978043,6895,2
2023-01-08 00:00:00,South,426.6397758,11090,1
2023-01-09 00:00:00,West,275.6539634,13508,0.5
2023-01-10 00:00:00,North,250.7777718,11082,1
2023-01-11 00:00:00,West,285.0719143,5634,0
2023-01-12 00:00:00,West,220.5511497,6925,0
2023-01-13 00:00:00,North,399.0437521,7056,2
2023-01-14 00:00:00,South,301.088156,11917,3
2023-01-15 00:00:00,North,192.8850781,8144,1
2023-01-16 00:00:00,West,459.8298293,15462,3
2023-01-17 00:00:00,South,253.5564885,14631,2
2023-01-18 00:00:00,West,317.4211444,5552,0
2023-01-19 00:00:00,North,462.5888444,13907,3
2023-01-20 00:00:00,North,349.6951984,10383,3
2023-01-21 00:00:00,West,146.7592163,8911,0
2023-01-22 00:00:00,East,475.9328494,14905,1
2023-01-23 00:00:00,East,351.0832212,19171,0
2023-01-24 00:00:00,North,233.9622459,8389,3
2023-01-25 00:00:00,North,155.7088291,14299,1
2023-01-26 00:00:00,East,417.6100757,18629,1
2023-01-27 00:00:00,East,348.0291024,17398,0
2023-01-28 00:00:00,West,313.3844368,13442,3
2023-01-29 00:00:00,West,457.5570332,7430,2
2023-01-30 00:00:00,East,415.4388845,15246,3
2023-01-31 00:00:00,West,160.6699519,5458,0.5
2023-02-01 00:00:00,West,224.6888271,18395,2
2023-02-02 00:00:00,South,199.3956559,5207,1
2023-02-03 00:00:00,West,397.578517,5899,2
2023-02-04 00:00:00,North,113.4129739,16653,1
2023-02-05 00:00:00,West,327.9558739,16577,1
2023-02-06 00:00:00,West,404.9834743,5021,2
2023-02-07 00:00:00,East,450.7062547,13601,1
2023-02-08 00:00:00,North,236.8326995,5894,1
2023-02-09 00:00:00,West,428.5029219,5514,0.5
2023-02-10 00:00:00,West,144.2526948,12294,3
2023-02-11 00:00:00,South,438.5809167,9904,3
2023-02-12 00:00:00,West,150.9954649,12867,0.5
2023-02-13 00:00:00,West,258.9149162,18161,2
2023-02-14 00:00:00,South,418.9181463,9109,0
2023-02-15 00:00:00,East,159.9669709,18258,0
2023-02-16 00:00:00,West,191.7005581,12179,0
2023-02-17 00:00:00,South,388.9010274,15326,0.5
2023-02-18 00:00:00,North,388.0146146,16787,0.5
2023-02-19 00:00:00,East,356.4590532,16148,1
2023-02-20 00:00:00,North,377.5793778,6560,0
2023-02-21 00:00:00,North,317.0897773,18612,2
2023-02-22 00:00:00,South,200.7196236,6266,2
2023-02-23 00:00:00,West,238.2783974,15361,0
2023-02-24 00:00:00,South,172.6390867,8638,0
2023-02-25 00:00:00,South,463.3802245,13941,0
2023-02-26 00:00:00,South,333.3567179,8427,0.5
2023-02-27 00:00:00,South,260.3405667,9780,0.5
2023-02-28 00:00:00,East,284.8023215,6927,0.5
2023-03-01 00:00:00,West,478.9133358,16996,3
2023-03-02 00:00:00,North,161.3405612,16894,2
2023-03-03 00:00:00,North,334.4919328,7356,2
2023-03-04 00:00:00,West,302.3554716,9790,1
2023-03-05 00:00:00,North,344.5816942,15527,0.5
2023-03-06 00:00:00,West,107.2440735,5306,3
2023-03-07 00:00:00,North,448.8495636,12979,3
2023-03-08 00:00:00,South,472.847313,8665,2
2023-03-09 00:00:00,North,326.0532734,15181,0.5
2023-03-10 00:00:00,West,378.6603296,12057,1
2023-03-11 00:00:00,West,468.9997525,5661,0.5
2023-03-12 00:00:00,West,382.8954537,9644,0
2023-03-13 00:00:00,West,161.0156172,13503,0.5
2023-03-14 00:00:00,West,330.5153441,7920,0
2023-03-15 00:00:00,East,342.6860186,14274,0
2023-03-16 00:00:00,East,269.6522685,16163,1
2023-03-17 00:00:00,North,394.5776942,19025,2
2023-03-18 00:00:00,West,473.7468059,13946,0.5
2023-03-19 00:00:00,North,470.2274052,17322,0
2023-03-20 00:00:00,West,280.3357486,17732,0.5
2023-03-21 00:00:00,West,145.2952183,11236,2
2023-03-22 00:00:00,East,493.9364796,11078,2
2023-03-23 00:00:00,East,435.5592346,18518,3
2023-03-24 00:00:00,South,149.8650725,5352,2
2023-03-25 00:00:00,East,468.336753,14094,1
2023-03-26 00:00:00,South,447.9585448,18643,0
2023-03-27 00:00:00,South,307.5352229,17080,3
2023-03-28 00:00:00,South,336.5101743,12005,1
2023-03-29 00:00:00,South,259.6010815,19036,0.5
2023-03-30 00:00:00,South,121.9046555,5158,0
2023-03-31 00:00:00,North,234.0788967,15169,2
2023-04-01 00:00:00,East,421.1413794,5956,0
2023-04-02 00:00:00,South,101.8528092,7071,0.5
2023-04-03 00:00:00,West,233.3996687,13595,3
2023-04-04 00:00:00,East,259.2674774,17803,3
2023-04-05 00:00:00,East,314.9582412,15971,3
2023-04-06 00:00:00,South,467.9422466,14579,2
2023-04-07 00:00:00,North,238.5383977,8453,1
2023-04-08 00:00:00,South,238.7812808,11675,1
2023-04-09 00:00:00,North,395.0004992,5955,0
2023-04-10 00:00:00,West,280.8871764,11295,2
2023-04-11 00:00:00,East,189.8419292,6712,3
2023-04-12 00:00:00,West,280.9758065,9703,3
2023-04-13 00:00:00,North,156.3428082,11563,0.5
2023-04-14 00:00:00,North,170.5547946,14465,0.5
2023-04-15 00:00:00,West,299.3471091,10631,3
2023-04-16 00:00:00,North,267.5701798,17003,3
2023-04-17 00:00:00,West,465.9383604,15817,2
2023-04-18 00:00:00,East,244.9575596,15574,1
2023-04-19 00:00:00,West,332.2353401,14633,0.5
2023-04-20 00:00:00,East,352.9057152,16171,1
2023-04-21 00:00:00,West,105.2377826,14989,2
2023-04-22 00:00:00,North,365.4149488,17582,3
2023-04-23 00:00:00,West,171.2143867,17201,1
2023-04-24 00:00:00,North,484.428127,18042,3
2023-04-25 00:00:00,West,159.4650911,6394,3
2023-04-26 00:00:00,West,265.8496495,17473,0
2023-04-27 00:00:00,South,134.1398672,14461,1
2023-04-28 00:00:00,North,498.7497007,9732,1
2023-04-29 00:00:00,South,300.8780041,18579,3
2023-04-30 00:00:00,North,338.1540069,8714,2
2023-05-01 00:00:00,South,126.830591,5529,0
2023-05-02 00:00:00,East,399.9841882,16815,3
2023-05-03 00:00:00,West,183.9622372,19356,0.5
2023-05-04 00:00:00,North,459.2217158,7958,0.5
2023-05-05 00:00:00,North,182.0558562,12904,0
2023-05-06 00:00:00,West,176.2750883,16106,2
2023-05-07 00:00:00,North,114.6198671,18081,3
2023-05-08 00:00:00,North,288.826778,8591,1
2023-05-09 00:00:00,South,325.9364533,15339,0
2023-05-10 00:00:00,North,126.2834558,11895,2
2023-05-11 00:00:00,East,410.2110467,17765,1
2023-05-12 00:00:00,East,281.3155339,18910,0.5
2023-05-13 00:00:00,West,309.7561077,16561,0.5
2023-05-14 00:00:00,North,276.3050988,14131,1
2023-05-15 00:00:00,West,260.3052244,5525,0
2023-05-16 00:00:00,East,323.8561325,11477,0.5
2023-05-17 00:00:00,North,162.0960984,5001,3
2023-05-18 00:00:00,North,172.7712522,5374,1
2023-05-19 00:00:00,West,444.7142484,15532,1
2023-05-20 00:00:00,East,478.4461849,17197,0.5
2023-05-21 00:00:00,North,249.3237265,16244,0
2023-05-22 00:00:00,West,208.2978693,9648,3
2023-05-23 00:00:00,East,357.5998173,7365,0
2023-05-24 00:00:00,West,263.4936684,6525,2
2023-05-25 00:00:00,South,110.1545423,19139,2
2023-05-26 00:00:00,North,162.4610389,17668,0.5
2023-05-27 00:00:00,South,386.3888915,6646,0.5
2023-05-28 00:00:00,East,363.5695768,5013,0.5
2023-05-29 00:00:00,South,110.838397,9599,2
2023-05-30 00:00:00,South,188.7888648,7278,0
2023-05-31 00:00:00,East,192.4299186,19296,0
2023-06-01 00:00:00,West,368.7570974,8155,0.5
2023-06-02 00:00:00,South,107.8842151,13321,3
2023-06-03 00:00:00,West,141.6434328,8814,0
2023-06-04 00:00:00,South,419.9664341,18125,2
2023-06-05 00:00:00,West,171.4178648,8216,1
2023-06-06 00:00:00,East,361.0984431,16130,1
2023-06-07 00:00:00,South,195.2731124,17120,1
2023-06-08 00:00:00,East,139.7765571,15232,3
2023-06-09 00:00:00,South,197.2688764,13219,0.5
2023-06-10 00:00:00,East,388.9067727,7113,2
2023-06-11 00:00:00,East,442.2785872,14444,3
2023-06-12 00:00:00,South,432.0879458,9356,2
2023-06-13 00:00:00,South,258.8734118,15238,2
2023-06-14 00:00:00,South,367.2340546,18760,0.5
2023-06-15 00:00:00,North,181.9937182,10543,1
2023-06-16 00:00:00,West,217.2590921,9555,0.5
2023-06-17 00:00:00,North,458.5343274,17215,3
2023-06-18 00:00:00,North,105.2007694,17588,3
2023-06-19 00:00:00,East,134.2034123,12062,3
2023-06-20 00:00:00,South,183.1545021,8374,0.5
2023-06-21 00:00:00,West,110.6128815,11430,2
2023-06-22 00:00:00,East,172.574174,8466,2
2023-06-23 00:00:00,North,333.2166244,8081,0
2023-06-24 00:00:00,South,268.5698202,16970,3
2023-06-25 00:00:00,East,457.0686844,5629,2
2023-06-26 00:00:00,South,426.9774247,5269,0
2023-06-27 00:00:00,East,236.7269407,15831,2
2023-06-28 00:00:00,South,203.7693734,15185,3
2023-06-29 00:00:00,North,251.8769633,10724,1
2023-06-30 00:00:00,West,336.117977,10897,3
2023-07-01 00:00:00,North,207.2254563,16083,0.5
2023-07-02 00:00:00,West,349.6595631,18149,2
2023-07-03 00:00:00,South,263.7646609,8432,2
2023-07-04 00:00:00,East,320.8188723,14472,0.5
2023-07-05 00:00:00,North,274.4506117,11276,0.5
2023-07-06 00:00:00,West,217.7863038,10895,1
2023-07-07 00:00:00,North,479.3813228,18994,2
2023-07-08 00:00:00,West,405.4423177,12115,2
2023-07-09 00:00:00,North,156.0452703,11656,1
2023-07-10 00:00:00,West,447.3871904,15552,0
2023-07-11 00:00:00,West,294.9724793,5575,1
2023-07-12 00:00:00,South,457.8208908,12029,3
2023-07-13 00:00:00,West,419.9421024,11099,2
2023-07-14 00:00:00,South,270.0854018,14499,0.5
2023-07-15 00:00:00,West,108.9877233,8192,3
2023-07-16 00:00:00,East,207.4709438,8178,2
2023-07-17 00:00:00,East,316.6536859,11052,1
2023-07-18 00:00:00,East,353.3912879,7734,3
2023-07-19 00:00:00,West,203.1550742,11116,2
2023-07-20 00:00:00,South,155.7424296,15404,0
2023-07-21 00:00:00,South,433.9720947,15544,0
2023-07-22 00:00:00,West,493.7608723,8568,0.5
2023-07-23 00:00:00,East,310.2760729,14847,2
2023-07-24 00:00:00,East,168.6717143,14771,0
2023-07-25 00:00:00,South,208.9229306,19135,1
2023-07-26 00:00:00,East,107.3562706,7203,2
2023-07-27 00:00:00,North,465.7195226,6390,1
2023-07-28 00:00:00,South,147.1004332,6742,1
2023-07-29 00:00:00,East,330.6065902,6925,0
2023-07-30 00:00:00,South,209.6220883,5619,2
2023-07-31 00:00:00,North,321.671201,6274,3
2023-08-01 00:00:00,South,360.5681553,5956,0
2023-08-02 00:00:00,South,431.8967215,6939,0
2023-08-03 00:00:00,South,182.5685087,8953,2
2023-08-04 00:00:00,South,104.3983315,15573,2
2023-08-05 00:00:00,North,154.754252,5968,1
2023-08-06 00:00:00,West,460.0074567,19846,2
2023-08-07 00:00:00,South,449.556031,14508,1
2023-08-08 00:00:00,South,338.9652409,14235,0
2023-08-09 00:00:00,East,340.2067442,5281,0.5
2023-08-10 00:00:00,South,366.0146698,16036,3
2023-08-11 00:00:00,East,170.1485114,11262,0
2023-08-12 00:00:00,West,465.7647784,6058,2
2023-08-13 00:00:00,North,267.50821,9293,3
2023-08-14 00:00:00,North,253.2554113,15724,0.5
2023-08-15 00:00:00,West,307.5670821,17020,0.5
2023-08-16 00:00:00,North,118.7863867,10178,1
2023-08-17 00:00:00,West,166.5133475,11980,3
2023-08-18 00:00:00,West,395.2134466,18472,1
2023-08-19 00:00:00,West,133.1194672,14200,0
2023-08-20 00:00:00,North,341.2608438,6229,3
2023-08-21 00:00:00,East,198.1396439,14227,0
2023-08-22 00:00:00,West,255.7182456,9585,1
2023-08-23 00:00:00,South,215.4774947,13467,3
2023-08-24 00:00:00,North,242.2690866,7740,1
2023-08-25 00:00:00,West,387.6183621,7289,3
2023-08-26 00:00:00,West,218.8486862,6239,1
2023-08-27 00:00:00,South,326.5618561,10370,0.5
2023-08-28 00:00:00,East,290.4201609,5125,1
2023-08-29 00:00:00,East,365.4684661,17257,0.5
2023-08-30 00:00:00,East,474.7318957,17504,1
2023-08-31 00:00:00,West,393.0288389,12473,3
2023-09-01 00:00:00,West,185.9761514,17060,3
2023-09-02 00:00:00,West,112.473254,14400,3
2023-09-03 00:00:00,North,204.9056177,10342,2
2023-09-04 00:00:00,South,338.0311723,12351,0
2023-09-05 00:00:00,West,120.5703254,11638,3
2023-09-06 00:00:00,South,298.5464989,11570,0.5
2023-09-07 00:00:00,South,338.7371396,8249,3
2023-09-08 00:00:00,East,233.6975563,14110,2
2023-09-09 00:00:00,North,408.3648815,12595,0.5
2023-09-10 00:00:00,West,142.6393013,18605,2
2023-09-11 00:00:00,East,130.0551127,17115,0.5
2023-09-12 00:00:00,East,391.2755025,11294,1
2023-09-13 00:00:00,West,298.1965265,11527,0
2023-09-14 00:00:00,South,375.3609586,10757,0
2023-09-15 00:00:00,East,273.9309354,17595,2
2023-09-16 00:00:00,South,198.5608133,18647,0
2023-09-17 00:00:00,North,427.6409271,6969,2
2023-09-18 00:00:00,South,419.7663516,15985,2
2023-09-19 00:00:00,North,377.8785883,5891,2
2023-09-20 00:00:00,South,208.8580549,9470,0
2023-09-21 00:00:00,East,336.0922667,12175,2
2023-09-22 00:00:00,East,244.3895588,15225,0
2023-09-23 00:00:00,North,136.6328293,14556,2
2023-09-24 00:00:00,West,466.9254302,13320,3
2023-09-25 00:00:00,North,154.7274524,14206,2
2023-09-26 00:00:00,North,480.0949415,14991,0.5
2023-09-27 00:00:00,South,278.4023092,11812,2
2023-09-28 00:00:00,South,174.0531715,12519,1
2023-09-29 00:00:00,North,316.760379,18669,2
2023-09-30 00:00:00,East,449.1783344,9612,0.5
2023-10-01 00:00:00,South,392.8899546,14710,0.5
2023-10-02 00:00:00,West,422.6244591,17373,0
2023-10-03 00:00:00,South,363.5133467,6198,3
2023-10-04 00:00:00,South,376.9106258,17065,2
2023-10-05 00:00:00,West,439.6782606,19646,0
2023-10-06 00:00:00,North,199.8672035,10238,3
2023-10-07 00:00:00,West,295.7699855,15666,2
2023-10-08 00:00:00,North,188.4837767,11089,1
2023-10-09 00:00:00,North,495.0672032,16677,2
2023-10-10 00:00:00,North,477.6237359,11257,0.5
2023-10-11 00:00:00,West,115.7707245,17241,0.5
2023-10-12 00:00:00,North,382.230069,12705,1
2023-10-13 00:00:00,East,470.099327,8719,0
2023-10-14 00:00:00,West,172.2301381,5302,3
2023-10-15 00:00:00,East,327.1780922,17144,2
2023-10-16 00:00:00,North,466.195319,17875,0.5
2023-10-17 00:00:00,South,113.5783914,5986,0
2023-10-18 00:00:00,North,378.9681069,15055,1
2023-10-19 00:00:00,East,218.9396029,9440,0.5
2023-10-20 00:00:00,East,469.7584782,9909,1
2023-10-21 00:00:00,West,488.4232981,19275,2
2023-10-22 00:00:00,South,477.7065956,8072,3
2023-10-23 00:00:00,West,289.6856867,18598,0.5
2023-10-24 00:00:00,East,444.8170604,19287,0.5
2023-10-25 00:00:00,North,437.8197594,18965,2
2023-10-26 00:00:00,South,227.6401893,8124,0
2023-10-27 00:00:00,North,431.5661897,14519,3
2023-10-28 00:00:00,North,114.8030539,18380,0.5
2023-10-29 00:00:00,South,338.5079514,15600,3
2023-10-30 00:00:00,West,192.0035349,16865,0.5
2023-10-31 00:00:00,North,148.2267543,13125,3
2023-11-01 00:00:00,East,130.7812807,8291,1
2023-11-02 00:00:00,North,378.5155104,9033,0.5
2023-11-03 00:00:00,South,235.9499855,10105,3
2023-11-04 00:00:00,South,389.9067086,5703,0
2023-11-05 00:00:00,South,126.1425363,13133,1
2023-11-06 00:00:00,West,226.1161351,5574,1
2023-11-07 00:00:00,North,315.796517,10704,0
2023-11-08 00:00:00,West,416.2892659,16424,3
2023-11-09 00:00:00,West,227.5010012,12848,2
2023-11-10 00:00:00,South,350.3565506,10208,0
2023-11-11 00:00:00,South,454.3910993,17975,3
2023-11-12 00:00:00,West,346.3452753,11924,0
2023-11-13 00:00:00,North,193.1837899,15824,0
2023-11-14 00:00:00,East,109.7603126,8828,0.5
2023-11-15 00:00:00,West,448.0395496,19924,3
2023-11-16 00:00:00,North,108.5077643,8230,2
2023-11-17 00:00:00,South,449.8806691,5488,0.5
2023-11-18 00:00:00,South,311.5748536,12114,0
2023-11-19 00:00:00,North,475.6270794,14539,0
2023-11-20 00:00:00,East,419.5132943,16873,0
2023-11-21 00:00:00,South,499.1736442,8173,3
2023-11-22 00:00:00,South,240.2847262,17781,3
2023-11-23 00:00:00,South,406.8753156,6667,0.5
2023-11-24 00:00:00,North,260.7723654,14829,2
2023-11-25 00:00:00,West,291.9502481,9114,0.5
2023-11-26 00:00:00,South,351.0021853,8553,1
2023-11-27 00:00:00,West,449.4708457,12761,0
2023-11-28 00:00:00,East,493.6333877,19732,0
2023-11-29 00:00:00,South,407.3093655,6000,0
2023-11-30 00:00:00,South,267.1067129,14042,0.5
2023-12-01 00:00:00,East,268.5428009,6388,0.5
2023-12-02 00:00:00,South,395.0329206,10450,0
2023-12-03 00:00:00,West,195.5108583,8712,0.5
2023-12-04 00:00:00,North,144.1896453,6367,3
2023-12-05 00:00:00,West,241.8488631,13189,3
2023-12-06 00:00:00,North,214.8955967,14013,0.5
2023-12-07 00:00:00,North,218.5232482,5454,0
2023-12-08 00:00:00,West,193.4431004,14816,0.5
2023-12-09 00:00:00,West,116.8372759,7772,0.5
2023-12-10 00:00:00,West,107.1495739,8726,0.5
2023-12-11 00:00:00,West,495.0889559,12232,1
2023-12-12 00:00:00,East,271.1092535,16339,3
2023-12-13 00:00:00,South,253.7306589,17281,2
2023-12-14 00:00:00,North,371.8589131,9806,2
2023-12-15 00:00:00,West,187.3015551,7190,1
2023-12-16 00:00:00,West,479.9844736,14108,0.5
2023-12-17 00:00:00,West,414.5380058,17178,1
2023-12-18 00:00:00,East,135.7644009,7875,1
2023-12-19 00:00:00,West,267.0323103,19940,0
2023-12-20 00:00:00,West,451.647323,10592,3
2023-12-21 00:00:00,West,477.8928089,6440,2
2023-12-22 00:00:00,South,286.9606045,17592,0.5
2023-12-23 00:00:00,East,345.3645557,13927,2
2023-12-24 00:00:00,West,166.8135784,16760,2
2023-12-25 00:00:00,North,496.4674505,19626,3
2023-12-26 00:00:00,North,192.6686806,11059,2
2023-12-27 00:00:00,North,477.0927097,19437,2
2023-12-28 00:00:00,East,359.8586596,19297,1
2023-12-29 00:00:00,East,343.094718,16530,3
2023-12-30 00:00:00,North,305.0754044,12010,0
2023-12-31 00:00:00,West,192.2679247,16207,0.5
